,open,high,low,close,adjclose,volume,ticker,date,adjclose_15,true_adjclose_15,buy_profit,sell_profit
2016-08-25,756.0,760.5599975585938,754.739990234375,759.219970703125,759.219970703125,1623000,AMZN,2016-08-25,18.63466,7.7083330154418945,0.0,751.5116376876831
2016-08-26,760.0499877929688,770.0,759.7999877929688,769.0,769.0,2776800,AMZN,2016-08-26,335.99734,358.1400146484375,0.0,410.8599853515625
2016-08-29,768.719970703125,774.97998046875,768.5999755859375,771.2899780273438,771.2899780273438,2198600,AMZN,2016-08-29,71.059586,75.00000000000001,0.0,696.2899780273438
2016-08-30,771.0499877929688,771.8400268554688,765.5599975585938,767.5800170898438,767.5800170898438,1709200,AMZN,2016-08-30,268.56238,250.60000610351557,0.0,516.9800109863281
2016-08-31,766.5999755859375,769.6400146484375,764.0,769.1599731445312,769.1599731445312,1633800,AMZN,2016-08-31,659.9895,607.9400024414062,0.0,161.219970703125
2016-09-01,770.9000244140625,772.0399780273438,766.75,770.6199951171875,770.6199951171875,1792300,AMZN,2016-09-01,201.00552,182.5,0.0,588.1199951171875
2016-09-02,774.1099853515625,776.0,771.7000122070312,772.4400024414062,772.4400024414062,2181800,AMZN,2016-09-02,326.87646,310.489990234375,0.0,461.95001220703125
2016-09-06,774.0399780273438,789.47998046875,770.219970703125,788.8699951171875,788.8699951171875,3719800,AMZN,2016-09-06,82.40342,72.37999725341797,0.0,716.4899978637695
2016-09-07,789.530029296875,790.7899780273438,784.3300170898438,784.47998046875,784.47998046875,2424600,AMZN,2016-09-07,1921.4401,2011.0,1226.52001953125,0.0
2016-09-08,783.8900146484375,786.5,781.4400024414062,784.0599975585938,784.0599975585938,2030500,AMZN,2016-09-08,20.972342,11.875,0.0,772.1849975585938
2016-09-09,779.3599853515625,781.0,760.1099853515625,760.1400146484375,760.1400146484375,4257300,AMZN,2016-09-09,61.947567,54.060001373291016,0.0,706.0800132751465
2016-09-12,757.3499755859375,772.6599731445312,756.0,771.489990234375,771.489990234375,3124700,AMZN,2016-09-12,189.80862,181.2599945068359,0.0,590.2299957275391
2016-09-13,768.77001953125,769.8900146484375,759.0499877929688,761.010009765625,761.010009765625,3117200,AMZN,2016-09-13,1718.3442,1842.9200439453125,1081.9100341796875,0.0
2016-09-14,762.2000122070312,767.5,758.8499755859375,761.0900268554688,761.0900268554688,2523000,AMZN,2016-09-14,195.03441,225.16000366210935,0.0,535.9300231933594
2016-09-15,762.0,770.8699951171875,757.5800170898438,769.6900024414062,769.6900024414062,3034000,AMZN,2016-09-15,593.25775,554.0399780273438,0.0,215.6500244140625
2016-09-16,773.280029296875,780.4600219726562,771.6599731445312,778.52001953125,778.52001953125,5499200,AMZN,2016-09-16,863.0869,898.2800292968749,119.76000976562489,0.0
2016-09-19,779.969970703125,781.9400024414062,771.0,775.0999755859375,775.0999755859375,2297200,AMZN,2016-09-19,46.93007,25.125,0.0,749.9749755859375
2016-09-20,776.0,781.3699951171875,776.0,780.219970703125,780.219970703125,1937200,AMZN,2016-09-20,57.385166,52.95000076293945,0.0,727.2699699401855
2016-09-21,783.25,790.6900024414062,779.010009765625,789.739990234375,789.739990234375,2718600,AMZN,2016-09-21,70.70134,56.86000061035156,0.0,732.8799896240234
2016-09-22,794.27001953125,805.8900146484375,794.27001953125,804.7000122070312,804.7000122070312,4078900,AMZN,2016-09-22,43.405216,40.29999923706055,0.0,764.4000129699707
2016-09-23,803.1300048828125,807.75,802.1199951171875,805.75,805.75,2353500,AMZN,2016-09-23,205.94336,189.9600067138672,0.0,615.7899932861328
2016-09-26,801.7999877929688,805.9299926757812,797.1500244140625,799.1599731445312,799.1599731445312,2651400,AMZN,2016-09-26,46.916206,39.18000030517578,0.0,759.9799728393555
2016-09-27,801.8499755859375,816.6400146484375,801.1099853515625,816.1099853515625,816.1099853515625,3819600,AMZN,2016-09-27,15.956961,15.270000457763674,0.0,800.8399848937988
2016-09-28,818.0,830.1400146484375,817.030029296875,828.719970703125,828.719970703125,4422100,AMZN,2016-09-28,84.44935,86.58999633789062,0.0,742.1299743652344
2016-09-29,828.260009765625,837.5,824.6300048828125,829.0499877929688,829.0499877929688,4922200,AMZN,2016-09-29,3355.796,3244.989990234375,2415.9400024414062,0.0
2016-09-30,832.6099853515625,839.9500122070312,832.4000244140625,837.3099975585938,837.3099975585938,4430600,AMZN,2016-09-30,46.78736,52.630001068115234,0.0,784.6799964904785
2016-10-03,836.0,839.8599853515625,831.25,836.739990234375,836.739990234375,2769400,AMZN,2016-10-03,16.13423,10.8100004196167,0.0,825.9299898147583
2016-10-04,840.9099731445312,842.3699951171875,830.260009765625,834.030029296875,834.030029296875,2950300,AMZN,2016-10-04,88.05466,69.25000000000001,0.0,764.780029296875
2016-10-05,838.0,845.6699829101562,836.1199951171875,844.3599853515625,844.3599853515625,3469100,AMZN,2016-10-05,1638.5349,1643.239990234375,798.8800048828125,0.0
2016-10-06,843.7000122070312,847.2100219726562,840.5999755859375,841.6599731445312,841.6599731445312,2684000,AMZN,2016-10-06,1812.224,1807.8399658203125,966.1799926757812,0.0
2016-10-07,845.7899780273438,845.9500122070312,837.4500122070312,839.4299926757812,839.4299926757812,2426200,AMZN,2016-10-07,21.979063,15.140000343322754,0.0,824.2899923324585
2016-10-10,843.25,845.2000122070312,840.27001953125,841.7100219726562,841.7100219726562,1827100,AMZN,2016-10-10,101.99937,64.25000000000001,0.0,777.4600219726562
2016-10-11,841.02001953125,841.2899780273438,828.3499755859375,831.0,831.0,3588200,AMZN,2016-10-11,60.976616,55.72000122070312,0.0,775.2799987792969
2016-10-12,834.0,837.6699829101562,830.0999755859375,834.0900268554688,834.0900268554688,2380400,AMZN,2016-10-12,19.546461,14.4399995803833,0.0,819.6500272750854
2016-10-13,829.0,831.7999877929688,821.2100219726562,829.280029296875,829.280029296875,3091400,AMZN,2016-10-13,308.9599,299.8599853515625,0.0,529.4200439453125
2016-10-14,835.0800170898438,835.739990234375,822.9600219726562,822.9600219726562,822.9600219726562,2999800,AMZN,2016-10-14,373.39944,316.79998779296875,0.0,506.1600341796875
2016-10-17,821.5,822.0,811.6799926757812,812.9500122070312,812.9500122070312,3361500,AMZN,2016-10-17,1763.6794,1847.3299560546873,1034.379943847656,0.0
2016-10-18,822.1099853515625,823.260009765625,815.02001953125,817.6500244140625,817.6500244140625,2512500,AMZN,2016-10-18,70.885445,71.44000244140625,0.0,746.2100219726562
2016-10-19,820.4000244140625,820.6699829101562,815.1699829101562,817.6900024414062,817.6900024414062,2090700,AMZN,2016-10-19,259.32788,262.9599914550781,0.0,554.7300109863281
2016-10-20,813.989990234375,815.7100219726562,803.0999755859375,810.3200073242188,810.3200073242188,3152000,AMZN,2016-10-20,210.13626,216.17999267578125,0.0,594.1400146484375
2016-10-21,809.3599853515625,819.4199829101562,809.0,818.989990234375,818.989990234375,2793000,AMZN,2016-10-21,18.350348,17.110000610351562,0.0,801.8799896240234
2016-10-24,824.9500122070312,838.2999877929688,822.2100219726562,838.0900268554688,838.0900268554688,4060900,AMZN,2016-10-24,378.38754,311.7300109863281,0.0,526.3600158691406
2016-10-25,839.2999877929688,843.0900268554688,833.219970703125,835.1799926757812,835.1799926757812,3248400,AMZN,2016-10-25,967.5709,964.9099731445312,129.72998046875,0.0
2016-10-26,832.760009765625,833.4400024414062,820.0,822.5900268554688,822.5900268554688,3998100,AMZN,2016-10-26,22.1764,16.489999771118164,0.0,806.1000270843506
2016-10-27,831.239990234375,831.719970703125,815.4299926757812,818.3599853515625,818.3599853515625,7406400,AMZN,2016-10-27,176.3944,182.94000244140625,0.0,635.4199829101562
2016-10-28,782.0,789.489990234375,774.6099853515625,776.3200073242188,776.3200073242188,10841100,AMZN,2016-10-28,12.963439,4.6145830154418945,0.0,771.7054243087769
2016-10-31,781.030029296875,793.7000122070312,780.1099853515625,789.8200073242188,789.8200073242188,5413300,AMZN,2016-10-31,72.613785,68.66000366210938,0.0,721.1600036621094
2016-11-01,799.0,800.8400268554688,776.7100219726562,785.4099731445312,785.4099731445312,5305400,AMZN,2016-11-01,323.03156,312.3900146484375,0.0,473.01995849609375
2016-11-02,783.9299926757812,784.75,763.5499877929688,765.5599975585938,765.5599975585938,5026500,AMZN,2016-11-02,141.07085,124.86000061035155,0.0,640.6999969482422
2016-11-03,765.0499877929688,777.0,764.0,767.030029296875,767.030029296875,3872500,AMZN,2016-11-03,1809.3365,1789.8399658203127,1022.8099365234377,0.0
2016-11-04,762.7899780273438,766.0,753.22998046875,755.0499877929688,755.0499877929688,5122100,AMZN,2016-11-04,193.28203,230.25,0.0,524.7999877929688
2016-11-07,771.6400146484375,787.72998046875,770.9400024414062,784.9299926757812,784.9299926757812,5984400,AMZN,2016-11-07,49.812286,38.97999954223633,0.0,745.9499931335449
2016-11-08,784.969970703125,791.739990234375,779.0999755859375,787.75,787.75,3412600,AMZN,2016-11-08,78.972755,65.33999633789062,0.0,722.4100036621094
2016-11-09,764.0,777.5,760.0900268554688,771.8800048828125,771.8800048828125,8562900,AMZN,2016-11-09,41.1568,30.25,0.0,741.6300048828125
2016-11-10,778.8099975585938,778.8300170898438,717.7000122070312,742.3800048828125,742.3800048828125,12747000,AMZN,2016-11-10,1738.0884,1804.6600341796877,1062.2800292968752,0.0
2016-11-11,735.72998046875,743.260009765625,728.9000244140625,739.010009765625,739.010009765625,6622800,AMZN,2016-11-11,50.054913,39.04999923706055,0.0,699.9600105285645
2016-11-14,745.510009765625,746.0,710.0999755859375,719.0700073242188,719.0700073242188,7321300,AMZN,2016-11-14,164.93121,164.63999938964844,0.0,554.4300079345703
2016-11-15,730.0,746.780029296875,725.989990234375,743.239990234375,743.239990234375,6755800,AMZN,2016-11-15,54.73798,49.400001525878906,0.0,693.8399887084961
2016-11-16,739.8800048828125,749.8699951171875,735.6099853515625,746.489990234375,746.489990234375,3648800,AMZN,2016-11-16,318.36374,327.6199951171875,0.0,418.8699951171875
2016-11-17,749.3200073242188,757.5,748.0,756.4000244140625,756.4000244140625,3690100,AMZN,2016-11-17,83.629234,72.0,0.0,684.4000244140625
2016-11-18,761.0,767.739990234375,757.6400146484375,760.1599731445312,760.1599731445312,4373400,AMZN,2016-11-18,193.05243,185.4199981689453,0.0,574.7399749755859
2016-11-21,766.0,780.3499755859375,765.1099853515625,780.0,780.0,4614600,AMZN,2016-11-21,256.93518,249.66999816894528,0.0,530.3300018310547
2016-11-22,788.1699829101562,792.4000244140625,781.0,785.3300170898438,785.3300170898438,5311300,AMZN,2016-11-22,116.26637,68.8125,0.0,716.5175170898438
2016-11-23,781.72998046875,781.75,773.1199951171875,780.1199951171875,780.1199951171875,3540300,AMZN,2016-11-23,22.604736,14.65999984741211,0.0,765.4599952697754
2016-11-25,786.5,786.75,777.9000244140625,780.3699951171875,780.3699951171875,1837100,AMZN,2016-11-25,59.421597,49.939998626708984,0.0,730.4299964904785
2016-11-28,776.989990234375,777.0,764.239990234375,766.77001953125,766.77001953125,4438800,AMZN,2016-11-28,44.08315,36.720001220703125,0.0,730.0500183105469
2016-11-29,768.0,769.8900146484375,761.3200073242188,762.52001953125,762.52001953125,3272300,AMZN,2016-11-29,30.543365,15.5625,0.0,746.95751953125
2016-11-30,762.0,768.0900268554688,750.25,750.5700073242188,750.5700073242188,4625900,AMZN,2016-11-30,45.73948,38.349998474121094,0.0,712.2200088500977
2016-12-01,752.4099731445312,753.3699951171875,738.030029296875,743.6500244140625,743.6500244140625,4666000,AMZN,2016-12-01,196.75949,202.5099945068359,0.0,541.1400299072266
2016-12-02,743.4000244140625,748.489990234375,736.7000122070312,740.3400268554688,740.3400268554688,3561300,AMZN,2016-12-02,12.10658,3.9479169845581055,0.0,736.3921098709106
2016-12-05,745.0,761.489990234375,742.0,759.3599853515625,759.3599853515625,4314700,AMZN,2016-12-05,1800.757,1862.0200195312498,1102.6600341796873,0.0
2016-12-06,763.989990234375,768.239990234375,757.25,764.719970703125,764.719970703125,3794700,AMZN,2016-12-06,3253.811,3074.9599609375,2310.239990234375,0.0
2016-12-07,764.5499877929688,770.4199829101562,755.8200073242188,770.4199829101562,770.4199829101562,3684900,AMZN,2016-12-07,1456.2362,1521.949951171875,751.5299682617188,0.0
2016-12-08,771.8699951171875,773.7899780273438,765.1900024414062,767.3300170898438,767.3300170898438,3189600,AMZN,2016-12-08,82.87416,78.05000305175783,0.0,689.2800140380859
2016-12-09,770.0,770.25,765.3400268554688,768.6599731445312,768.6599731445312,2470900,AMZN,2016-12-09,308.41766,310.0299987792969,0.0,458.6299743652344
2016-12-12,766.4000244140625,766.8900146484375,757.2000122070312,760.1199951171875,760.1199951171875,2963900,AMZN,2016-12-12,90.29934,72.08000183105469,0.0,688.0399932861328
2016-12-13,764.9600219726562,782.4600219726562,762.0,774.3400268554688,774.3400268554688,5285300,AMZN,2016-12-13,179.25458,174.6199951171875,0.0,599.7200317382812
2016-12-14,778.25,780.8599853515625,762.8099975585938,768.8200073242188,768.8200073242188,5454800,AMZN,2016-12-14,312.71414,314.760009765625,0.0,454.05999755859375
2016-12-15,766.280029296875,769.0999755859375,760.3099975585938,761.0,761.0,3801900,AMZN,2016-12-15,72.78311,77.25000000000001,0.0,683.75
2016-12-16,765.0,765.1300048828125,754.0,757.77001953125,757.77001953125,4848200,AMZN,2016-12-16,33.554455,32.599998474121094,0.0,725.1700210571289
2016-12-19,758.8900146484375,770.5,756.1599731445312,766.0,766.0,3113200,AMZN,2016-12-19,564.4625,655.6500244140625,0.0,110.3499755859375
2016-12-20,768.6500244140625,774.3900146484375,767.7100219726562,771.219970703125,771.219970703125,2703600,AMZN,2016-12-20,74.29111,64.80999755859376,0.0,706.4099731445312
2016-12-21,770.0,771.219970703125,765.7000122070312,770.5999755859375,770.5999755859375,2044600,AMZN,2016-12-21,960.31323,974.1900024414062,203.59002685546875,0.0
2016-12-22,768.1199951171875,771.2100219726562,763.02001953125,766.3400268554688,766.3400268554688,2543600,AMZN,2016-12-22,18.741495,12.25,0.0,754.0900268554688
2016-12-23,764.5499877929688,766.5,757.989990234375,760.5900268554688,760.5900268554688,1981600,AMZN,2016-12-23,26.74911,16.75,0.0,743.8400268554688
2016-12-27,763.4000244140625,774.6500244140625,761.2000122070312,771.4000244140625,771.4000244140625,2638700,AMZN,2016-12-27,262.59216,245.17999267578122,0.0,526.2200317382812
2016-12-28,776.25,780.0,770.5,772.1300048828125,772.1300048828125,3301000,AMZN,2016-12-28,666.3118,633.7899780273438,0.0,138.34002685546875
2016-12-29,772.4000244140625,773.4000244140625,760.8499755859375,765.1500244140625,765.1500244140625,3158300,AMZN,2016-12-29,70.82051,66.0,0.0,699.1500244140625
2016-12-30,766.469970703125,767.4000244140625,748.280029296875,749.8699951171875,749.8699951171875,4139400,AMZN,2016-12-30,23.794882,19.61000061035156,0.0,730.2599945068359
2017-01-03,757.9199829101562,758.760009765625,747.7000122070312,753.6699829101562,753.6699829101562,3521100,AMZN,2017-01-03,14.751299,6.984375,0.0,746.6856079101562
2017-01-04,758.3900146484375,759.6799926757812,754.2000122070312,757.1799926757812,757.1799926757812,2510500,AMZN,2017-01-04,58.147896,62.34999847412109,0.0,694.8299942016602
2017-01-05,761.5499877929688,782.4000244140625,760.260009765625,780.4500122070312,780.4500122070312,5830100,AMZN,2017-01-05,2115.3325,1975.8299560546875,1195.3799438476562,0.0
2017-01-06,782.3599853515625,799.4400024414062,778.47998046875,795.989990234375,795.989990234375,5986200,AMZN,2017-01-06,74.10695,66.875,0.0,729.114990234375
2017-01-09,798.0,801.77001953125,791.77001953125,796.9199829101562,796.9199829101562,3446100,AMZN,2017-01-09,269.47974,244.99000549316412,0.0,551.9299774169922
2017-01-10,796.5999755859375,798.0,789.5399780273438,795.9000244140625,795.9000244140625,2558400,AMZN,2017-01-10,39.60552,32.59000015258789,0.0,763.3100242614746
2017-01-11,793.6599731445312,799.5,789.510009765625,799.02001953125,799.02001953125,2992800,AMZN,2017-01-11,577.352,602.0800170898438,0.0,196.94000244140625
2017-01-12,800.3099975585938,814.1300048828125,799.5,813.6400146484375,813.6400146484375,4873900,AMZN,2017-01-12,42.0989,34.630001068115234,0.0,779.0100135803223
2017-01-13,814.3200073242188,821.6500244140625,811.4000244140625,817.1400146484375,817.1400146484375,3791900,AMZN,2017-01-13,1627.747,1377.449951171875,560.3099365234375,0.0
2017-01-17,815.7000122070312,816.0,803.4400024414062,809.719970703125,809.719970703125,3670500,AMZN,2017-01-17,83.44205,74.11000061035156,0.0,735.6099700927734
2017-01-18,809.5,811.72998046875,804.27001953125,807.47998046875,807.47998046875,2354200,AMZN,2017-01-18,32.35287,22.18000030517578,0.0,785.2999801635742
2017-01-19,810.0,813.510009765625,807.3200073242188,809.0399780273438,809.0399780273438,2540800,AMZN,2017-01-19,29.320581,22.15999984741211,0.0,786.8799781799316
2017-01-20,815.280029296875,816.02001953125,806.260009765625,808.3300170898438,808.3300170898438,3376200,AMZN,2017-01-20,3283.3035,3268.949951171875,2460.6199340820312,0.0
2017-01-23,806.7999877929688,818.5,805.0800170898438,817.8800048828125,817.8800048828125,2797500,AMZN,2017-01-23,582.89087,482.0700073242187,0.0,335.8099975585938
2017-01-24,822.0,823.989990234375,814.5,822.4400024414062,822.4400024414062,2971700,AMZN,2017-01-24,99.10408,95.22000122070312,0.0,727.2200012207031
2017-01-25,825.7899780273438,837.4199829101562,825.2899780273438,836.52001953125,836.52001953125,3922600,AMZN,2017-01-25,1787.5878,1777.4300537109375,940.9100341796875,0.0
2017-01-26,835.530029296875,843.8400268554688,833.0,839.1500244140625,839.1500244140625,3586300,AMZN,2017-01-26,177.31339,165.32000732421875,0.0,673.8300170898438
2017-01-27,839.0,839.7000122070312,829.4400024414062,835.77001953125,835.77001953125,2998700,AMZN,2017-01-27,57.787098,49.209999084472656,0.0,786.5600204467773
2017-01-30,833.0,833.5,816.3800048828125,830.3800048828125,830.3800048828125,3747300,AMZN,2017-01-30,235.9521,233.7799987792969,0.0,596.6000061035156
2017-01-31,823.75,826.989990234375,819.5599975585938,823.47998046875,823.47998046875,3137200,AMZN,2017-01-31,73.33825,56.04000091552735,0.0,767.4399795532227
2017-02-01,829.2100219726562,833.780029296875,824.9400024414062,832.3499755859375,832.3499755859375,3850200,AMZN,2017-02-01,85.06353,79.13999938964845,0.0,753.2099761962891
2017-02-02,836.5900268554688,842.489990234375,828.260009765625,839.9500122070312,839.9500122070312,7350500,AMZN,2017-02-02,271.06595,264.2699890136719,0.0,575.6800231933594
2017-02-03,806.719970703125,818.2999877929688,804.0,810.2000122070312,810.2000122070312,10868800,AMZN,2017-02-03,54.88632,50.09000015258789,0.0,760.1100120544434
2017-02-06,809.7999877929688,810.719970703125,803.0,807.6400146484375,807.6400146484375,3897300,AMZN,2017-02-06,319.75296,324.1600036621094,0.0,483.4800109863281
2017-02-07,809.3099975585938,816.1599731445312,807.5,812.5,812.5,3466100,AMZN,2017-02-07,1825.8488,1883.4200439453127,1070.9200439453127,0.0
2017-02-08,812.6900024414062,821.47998046875,812.5,819.7100219726562,819.7100219726562,2858000,AMZN,2017-02-08,78.10314,69.66999816894531,0.0,750.0400238037109
2017-02-09,821.5999755859375,825.0,819.7100219726562,821.3599853515625,821.3599853515625,2484900,AMZN,2017-02-09,589.74677,579.8699951171875,0.0,241.489990234375
2017-02-10,823.8200073242188,828.0,822.8499755859375,827.4600219726562,827.4600219726562,2429600,AMZN,2017-02-10,47.100395,40.41999816894531,0.0,787.0400238037109
2017-02-13,831.6199951171875,843.0,828.5499877929688,836.530029296875,836.530029296875,4172600,AMZN,2017-02-13,153.24333,130.92999267578125,0.0,705.6000366210938
2017-02-14,837.0,838.3099975585938,831.4500122070312,836.3900146484375,836.3900146484375,2792400,AMZN,2017-02-14,76.83525,73.3499984741211,0.0,763.0400161743164
2017-02-15,834.0,842.8099975585938,832.8200073242188,842.7000122070312,842.7000122070312,2968900,AMZN,2017-02-15,49.399097,35.310001373291016,0.0,807.3900108337402
2017-02-16,841.8400268554688,845.0,839.3800048828125,844.1400146484375,844.1400146484375,2714700,AMZN,2017-02-16,189.73808,195.0399932861328,0.0,649.1000213623047
2017-02-17,842.0,847.27001953125,840.72998046875,845.0700073242188,845.0700073242188,3112300,AMZN,2017-02-17,1795.5642,1760.68994140625,915.6199340820312,0.0
2017-02-21,848.8400268554688,857.97998046875,847.25,856.4400024414062,856.4400024414062,3507700,AMZN,2017-02-21,34.661095,53.54166793823242,0.0,802.8983345031738
2017-02-22,856.9500122070312,858.4299926757812,852.1799926757812,855.6099853515625,855.6099853515625,2617000,AMZN,2017-02-22,131.86163,128.8300018310547,0.0,726.7799835205078
2017-02-23,857.5700073242188,860.8599853515625,848.0,852.1900024414062,852.1900024414062,3462000,AMZN,2017-02-23,65.25804,51.75,0.0,800.4400024414062
2017-02-24,844.6900024414062,845.8099975585938,837.75,845.239990234375,845.239990234375,3688000,AMZN,2017-02-24,39.432404,37.68000030517578,0.0,807.5599899291992
2017-02-27,842.3800048828125,852.5,839.6699829101562,848.6400146484375,848.6400146484375,2713600,AMZN,2017-02-27,532.60175,608.6099853515625,0.0,240.030029296875
2017-02-28,851.4500122070312,854.0900268554688,842.0499877929688,845.0399780273438,845.0399780273438,2793700,AMZN,2017-02-28,15.164065,7.5833330154418945,0.0,837.4566450119019
2017-03-01,853.0499877929688,854.8300170898438,849.010009765625,853.0800170898438,853.0800170898438,2760100,AMZN,2017-03-01,27.23744,20.40999984741211,0.0,832.6700172424316
2017-03-02,853.0800170898438,854.8200073242188,847.280029296875,848.9099731445312,848.9099731445312,2132100,AMZN,2017-03-02,135.06621,122.55000305175778,0.0,726.3599700927734
2017-03-03,847.2000122070312,851.989990234375,846.27001953125,849.8800048828125,849.8800048828125,1941100,AMZN,2017-03-03,33.166306,30.95999908447266,0.0,818.9200057983398
2017-03-06,845.22998046875,848.489990234375,841.1199951171875,846.6099853515625,846.6099853515625,2610400,AMZN,2017-03-06,46.029945,37.5625,0.0,809.0474853515625
2017-03-07,845.47998046875,848.4600219726562,843.75,846.02001953125,846.02001953125,2247600,AMZN,2017-03-07,56.27858,30.874999999999996,0.0,815.14501953125
2017-03-08,848.0,853.0700073242188,846.7899780273438,850.5,850.5,2286500,AMZN,2017-03-08,278.87436,308.69000244140625,0.0,541.8099975585938
2017-03-09,851.0,856.4000244140625,850.3099975585938,853.0,853.0,2048200,AMZN,2017-03-09,46.84057,41.189998626708984,0.0,811.810001373291
2017-03-10,857.0,857.3499755859375,851.719970703125,852.4600219726562,852.4600219726562,2436400,AMZN,2017-03-10,138.21162,125.41000366210938,0.0,727.0500183105469
2017-03-13,851.77001953125,855.6900024414062,851.7100219726562,854.5900268554688,854.5900268554688,1909700,AMZN,2017-03-13,202.4432,180.5800018310547,0.0,674.0100250244141
2017-03-14,853.5499877929688,853.75,847.5499877929688,852.530029296875,852.530029296875,2130600,AMZN,2017-03-14,83.016365,81.73000335693361,0.0,770.8000259399414
2017-03-15,854.3300170898438,854.4500122070312,847.1099853515625,852.969970703125,852.969970703125,2562200,AMZN,2017-03-15,135.17491,127.3499984741211,0.0,725.6199722290039
2017-03-16,855.2999877929688,855.5,850.510009765625,853.4199829101562,853.4199829101562,1842300,AMZN,2017-03-16,98.852615,84.44000244140626,0.0,768.97998046875
2017-03-17,853.489990234375,853.8300170898438,850.6400146484375,852.3099975585938,852.3099975585938,3384400,AMZN,2017-03-17,1009.3123,958.0000000000001,105.69000244140636,0.0
2017-03-20,851.510009765625,857.7999877929688,851.010009765625,856.969970703125,856.969970703125,2282700,AMZN,2017-03-20,91.82395,65.81250000000001,0.0,791.157470703125
2017-03-21,858.8400268554688,862.7999877929688,841.3099975585938,843.2000122070312,843.2000122070312,4382900,AMZN,2017-03-21,187.54703,181.66000366210935,0.0,661.5400085449219
2017-03-22,840.4299926757812,849.3699951171875,839.0499877929688,848.0599975585938,848.0599975585938,2658700,AMZN,2017-03-22,1401.5474,1460.1700439453125,612.1100463867188,0.0
2017-03-23,848.2000122070312,850.8900146484375,844.7999877929688,847.3800048828125,847.3800048828125,1953000,AMZN,2017-03-23,60.296604,42.70000076293945,0.0,804.680004119873
2017-03-24,851.6799926757812,851.7999877929688,843.530029296875,845.6099853515625,845.6099853515625,2138300,AMZN,2017-03-24,1061.7264,1126.31005859375,280.7000732421875,0.0
2017-03-27,838.0700073242188,850.2999877929688,833.5,846.8200073242188,846.8200073242188,2755800,AMZN,2017-03-27,101.506386,130.52999877929688,0.0,716.2900085449219
2017-03-28,851.75,858.4600219726562,850.0999755859375,856.0,856.0,3041600,AMZN,2017-03-28,193.23346,184.4499969482422,0.0,671.5500030517578
2017-03-29,859.0499877929688,876.4400024414062,859.02001953125,874.3200073242188,874.3200073242188,4485800,AMZN,2017-03-29,3312.3003,3241.159912109375,2366.8399047851562,0.0
2017-03-30,874.9500122070312,877.0599975585938,871.6599731445312,876.3400268554688,876.3400268554688,2762700,AMZN,2017-03-30,43.49093,36.650001525878906,0.0,839.6900253295898
2017-03-31,877.0,890.3499755859375,876.6500244140625,886.5399780273438,886.5399780273438,3957600,AMZN,2017-03-31,1453.9246,1580.949951171875,694.4099731445312,0.0
2017-04-03,888.0,893.489990234375,885.4199829101562,891.510009765625,891.510009765625,3422300,AMZN,2017-04-03,1712.9515,1699.72998046875,808.219970703125,0.0
2017-04-04,891.5,908.5399780273438,890.280029296875,906.8300170898438,906.8300170898438,4984700,AMZN,2017-04-04,3232.8687,3450.9599609375,2544.1299438476562,0.0
2017-04-05,910.8200073242188,923.719970703125,905.6199951171876,909.280029296875,909.280029296875,7508400,AMZN,2017-04-05,11.297115,4.0208330154418945,0.0,905.2591962814331
2017-04-06,913.7999877929688,917.1900024414062,894.489990234375,898.280029296875,898.280029296875,6344100,AMZN,2017-04-06,765.26263,754.6400146484375,0.0,143.6400146484375
2017-04-07,899.6500244140625,900.0900268554688,889.3099975585938,894.8800048828125,894.8800048828125,3710900,AMZN,2017-04-07,35.14661,28.65999984741211,0.0,866.2200050354004
2017-04-10,899.6300048828125,908.510009765625,899.0,907.0399780273438,907.0399780273438,3184300,AMZN,2017-04-10,527.0585,536.0700073242188,0.0,370.969970703125
2017-04-11,907.0399780273438,911.239990234375,897.5,902.3599853515624,902.3599853515624,3012700,AMZN,2017-04-11,274.8326,260.32000732421875,0.0,642.0399780273436
2017-04-12,903.0900268554688,904.0900268554688,895.25,896.22998046875,896.22998046875,2456100,AMZN,2017-04-12,59.665356,56.562500000000014,0.0,839.66748046875
2017-04-13,891.4500122070312,894.969970703125,884.489990234375,884.6699829101562,884.6699829101562,3174600,AMZN,2017-04-13,80.972755,58.687500000000014,0.0,825.9824829101562
2017-04-17,887.5,902.3800048828124,887.5,901.989990234375,901.989990234375,2854700,AMZN,2017-04-17,1643.2577,1581.4200439453125,679.4300537109375,0.0
2017-04-18,900.989990234375,909.6099853515624,900.780029296875,903.780029296875,903.780029296875,2999200,AMZN,2017-04-18,12.621421,3.8229169845581055,0.0,899.9571123123169
2017-04-19,907.8400268554688,910.5,897.3699951171875,899.2000122070312,899.2000122070312,2870200,AMZN,2017-04-19,41.773003,36.06999969482422,0.0,863.130012512207
2017-04-20,899.7000122070312,905.3200073242188,896.2899780273438,902.0599975585938,902.0599975585938,2814400,AMZN,2017-04-20,42.034935,31.375000000000004,0.0,870.6849975585938
2017-04-21,902.6699829101562,903.6500244140624,896.77001953125,898.530029296875,898.530029296875,2420500,AMZN,2017-04-21,26.345732,17.510000228881836,0.0,881.0200290679932
2017-04-24,908.6799926757812,909.989990234375,903.8200073242188,907.4099731445312,907.4099731445312,3122900,AMZN,2017-04-24,118.25588,117.12999725341794,0.0,790.2799758911133
2017-04-25,907.0399780273438,909.47998046875,903.0,907.6199951171876,907.6199951171876,3380600,AMZN,2017-04-25,39.80338,29.72999954223633,0.0,877.8899955749513
2017-04-26,910.2999877929688,915.75,907.5599975585938,909.2899780273438,909.2899780273438,2608900,AMZN,2017-04-26,66.61262,58.031250000000014,0.0,851.2587280273438
2017-04-27,914.3900146484376,921.8599853515624,912.1099853515624,918.3800048828124,918.3800048828124,5305500,AMZN,2017-04-27,93.92593,88.79000091552734,0.0,829.590003967285
2017-04-28,948.8300170898438,949.5900268554688,924.3300170898438,924.989990234375,924.989990234375,7364700,AMZN,2017-04-28,321.2025,311.510009765625,0.0,613.47998046875
2017-05-01,927.7999877929688,954.4000244140624,927.7999877929688,948.22998046875,948.22998046875,5466500,AMZN,2017-05-01,24.250704,10.460000038146973,0.0,937.769980430603
2017-05-02,946.6500244140624,950.0999755859376,941.4099731445312,946.9400024414062,946.9400024414062,3848800,AMZN,2017-05-02,604.39,671.3200073242188,0.0,275.6199951171875
2017-05-03,946.0,946.0,935.9000244140624,941.030029296875,941.030029296875,3582700,AMZN,2017-05-03,46.72019,48.25,0.0,892.780029296875
2017-05-04,944.75,945.0,934.219970703125,937.530029296875,937.530029296875,2418400,AMZN,2017-05-04,14.723762,7.3854169845581055,0.0,930.1446123123169
2017-05-05,940.52001953125,940.7899780273438,930.2999877929688,934.1500244140624,934.1500244140624,2866400,AMZN,2017-05-05,181.88278,161.82000732421875,0.0,772.3300170898436
2017-05-08,940.9500122070312,949.0499877929688,939.2100219726562,949.0399780273438,949.0399780273438,3415700,AMZN,2017-05-08,23.22586,14.0600004196167,0.0,934.979977607727
2017-05-09,952.7999877929688,957.8900146484376,950.2000122070312,952.8200073242188,952.8200073242188,3262100,AMZN,2017-05-09,241.21227,240.35000610351562,0.0,712.4700012207031
2017-05-10,953.5,953.75,945.0,948.9500122070312,948.9500122070312,2096500,AMZN,2017-05-10,29.688768,28.03000068664551,0.0,920.9200115203857
2017-05-11,945.1099853515624,950.2899780273438,940.780029296875,947.6199951171876,947.6199951171876,2194100,AMZN,2017-05-11,13.547925,4.6875,0.0,942.9324951171876
2017-05-12,954.5,962.7899780273438,951.530029296875,961.3499755859376,961.3499755859376,3625900,AMZN,2017-05-12,103.17818,90.55000305175781,0.0,870.7999725341798
2017-05-15,958.72998046875,963.1500244140624,956.0599975585938,957.969970703125,957.969970703125,4270600,AMZN,2017-05-15,57.27415,44.0,0.0,913.969970703125
2017-05-16,961.0,970.0599975585938,960.9099731445312,966.0700073242188,966.0700073242188,3126100,AMZN,2017-05-16,92.44255,90.91000366210939,0.0,875.1600036621094
2017-05-17,954.7000122070312,960.4000244140624,944.1199951171876,944.760009765625,944.760009765625,5145600,AMZN,2017-05-17,46.483295,38.58000183105469,0.0,906.1800079345703
2017-05-18,944.7999877929688,962.75,944.760009765625,958.489990234375,958.489990234375,3939300,AMZN,2017-05-18,352.0917,384.6600036621094,0.0,573.8299865722656
2017-05-19,962.8400268554688,968.9199829101562,959.719970703125,959.8400268554688,959.8400268554688,3972100,AMZN,2017-05-19,47.022648,36.189998626708984,0.0,923.6500282287598
2017-05-22,964.0,971.3800048828124,962.9000244140624,970.6699829101562,970.6699829101562,2642200,AMZN,2017-05-22,555.8511,494.4700012207031,0.0,476.1999816894531
2017-05-23,975.02001953125,975.2000122070312,966.8499755859376,971.5399780273438,971.5399780273438,2415600,AMZN,2017-05-23,144.32928,134.52000427246094,0.0,837.0199737548828
2017-05-24,976.0,981.0,970.22998046875,980.3499755859376,980.3499755859376,2446000,AMZN,2017-05-24,21.807055,10.0,0.0,970.3499755859376
2017-05-25,984.8499755859376,999.0,982.1099853515624,993.3800048828124,993.3800048828124,4822000,AMZN,2017-05-25,92.54991,86.48999786376953,0.0,906.8900070190429
2017-05-26,995.0,998.6500244140624,989.25,995.780029296875,995.780029296875,3469200,AMZN,2017-05-26,25.27815,13.899999618530272,0.0,981.8800296783447
2017-05-30,996.510009765625,1001.2000122070312,995.52001953125,996.7000122070312,996.7000122070312,3263100,AMZN,2017-05-30,26.609005,18.760000228881836,0.0,977.9400119781494
2017-05-31,1000.0,1000.1199951171876,982.1599731445312,994.6199951171876,994.6199951171876,3913100,AMZN,2017-05-31,230.59792,229.32000732421875,0.0,765.2999877929689
2017-06-01,998.5900268554688,998.989990234375,991.3699951171876,995.9500122070312,995.9500122070312,2454800,AMZN,2017-06-01,83.05016,67.84999847412111,0.0,928.1000137329102
2017-06-02,998.989990234375,1008.47998046875,995.6699829101562,1006.72998046875,1006.72998046875,3752300,AMZN,2017-06-02,22.368923,15.170000076293944,0.0,991.559980392456
2017-06-05,1007.22998046875,1013.2100219726562,1003.510009765625,1011.3400268554688,1011.3400268554688,2719900,AMZN,2017-06-05,18.04252,7.480000019073486,0.0,1003.8600268363953
2017-06-06,1012.0,1016.5,1001.25,1003.0,1003.0,3346400,AMZN,2017-06-06,61.506947,53.709999084472656,0.0,949.2900009155273
2017-06-07,1005.9500122070312,1010.25,1002.0,1010.0700073242188,1010.0700073242188,2823000,AMZN,2017-06-07,25.011116,14.250000000000002,0.0,995.8200073242188
2017-06-08,1012.0599975585938,1013.6099853515624,1006.1099853515624,1010.27001953125,1010.27001953125,2767900,AMZN,2017-06-08,1870.4209,2170.219970703125,1159.949951171875,0.0
2017-06-09,1012.5,1012.989990234375,927.0,978.3099975585938,978.3099975585938,7647700,AMZN,2017-06-09,438.01587,429.8599853515625,0.0,548.4500122070312
2017-06-12,967.0,975.9500122070312,945.0,964.9099731445312,964.9099731445312,9447200,AMZN,2017-06-12,350.3357,329.75,0.0,635.1599731445312
2017-06-13,977.989990234375,984.5,966.0999755859376,980.7899780273438,980.7899780273438,4580000,AMZN,2017-06-13,51.935955,48.83000183105469,0.0,931.9599761962891
2017-06-14,988.5900268554688,990.3400268554688,966.7100219726562,976.469970703125,976.469970703125,3974900,AMZN,2017-06-14,1663.7183,1343.9599609375,367.489990234375,0.0
2017-06-15,958.7000122070312,965.72998046875,950.8599853515624,964.1699829101562,964.1699829101562,5373900,AMZN,2017-06-15,53.73202,49.77000045776367,0.0,914.3999824523926
2017-06-16,996.0,999.75,982.0,987.7100219726562,987.7100219726562,11472700,AMZN,2017-06-16,526.0426,524.25,0.0,463.46002197265625
2017-06-19,1017.0,1017.0,989.9000244140624,995.1699829101562,995.1699829101562,5043400,AMZN,2017-06-19,279.20276,281.07000732421875,0.0,714.0999755859375
2017-06-20,998.0,1004.8800048828124,992.02001953125,992.5900268554688,992.5900268554688,4076800,AMZN,2017-06-20,64.88217,37.875,0.0,954.7150268554688
2017-06-21,998.7000122070312,1002.719970703125,992.6500244140624,1002.22998046875,1002.22998046875,2922500,AMZN,2017-06-21,43.568886,26.31999969482422,0.0,975.9099807739258
2017-06-22,1002.22998046875,1006.9600219726562,997.2000122070312,1001.2999877929688,1001.2999877929688,2253400,AMZN,2017-06-22,40.782536,33.599998474121094,0.0,967.6999893188477
2017-06-23,1002.5399780273438,1004.6199951171876,998.02001953125,1003.739990234375,1003.739990234375,2879100,AMZN,2017-06-23,16.122946,10.859999656677246,0.0,992.8799905776978
2017-06-26,1008.5,1009.7999877929688,992.0,993.97998046875,993.97998046875,3386200,AMZN,2017-06-26,27.350508,15.8125,0.0,978.16748046875
2017-06-27,990.6900024414062,998.7999877929688,976.0,976.780029296875,976.780029296875,3782400,AMZN,2017-06-27,47.75776,39.13999938964844,0.0,937.6400299072266
2017-06-28,978.5499877929688,990.6799926757812,969.2100219726562,990.3300170898438,990.3300170898438,3737600,AMZN,2017-06-28,260.01154,257.30999755859375,0.0,733.02001953125
2017-06-29,979.0,987.5599975585938,965.25,975.9299926757812,975.9299926757812,4303000,AMZN,2017-06-29,52.924084,46.220001220703125,0.0,929.7099914550781
2017-06-30,980.1199951171876,983.469970703125,967.6099853515624,968.0,968.0,3390300,AMZN,2017-06-30,14.468169,7.6302080154418945,0.0,960.3697919845581
2017-07-03,972.7899780273438,974.489990234375,951.0,953.6599731445312,953.6599731445312,2909100,AMZN,2017-07-03,59.48935,46.125,0.0,907.5349731445312
2017-07-05,961.530029296875,975.0,955.25,971.4000244140624,971.4000244140624,3653000,AMZN,2017-07-05,3210.7942,3226.72998046875,2255.3299560546875,0.0
2017-07-06,964.6599731445312,974.4000244140624,959.02001953125,965.1400146484376,965.1400146484376,3259600,AMZN,2017-07-06,1021.1022,975.9299926757811,10.789978027343523,0.0
2017-07-07,969.5499877929688,980.1099853515624,969.1400146484376,978.760009765625,978.760009765625,2643400,AMZN,2017-07-07,41.04844,41.5099983215332,0.0,937.2500114440918
2017-07-10,985.0,999.4400024414062,983.5,996.469970703125,996.469970703125,3546300,AMZN,2017-07-10,12.695327,4.4791669845581055,0.0,991.9908037185669
2017-07-11,993.0,995.989990234375,983.719970703125,994.1300048828124,994.1300048828124,2982700,AMZN,2017-07-11,221.94598,236.55999755859378,0.0,757.5700073242186
2017-07-12,1000.6500244140624,1008.5499877929688,998.0999755859376,1006.510009765625,1006.510009765625,3608600,AMZN,2017-07-12,25.751514,19.799999237060547,0.0,986.7100105285645
2017-07-13,1004.6199951171876,1006.8800048828124,995.9000244140624,1000.6300048828124,1000.6300048828124,2880800,AMZN,2017-07-13,1567.1205,1640.56005859375,639.9300537109376,0.0
2017-07-14,1002.4000244140624,1004.4500122070312,996.8900146484376,1001.8099975585938,1001.8099975585938,2102500,AMZN,2017-07-14,22.217928,16.18000030517578,0.0,985.629997253418
2017-07-17,1004.6900024414062,1014.75,1003.8099975585938,1010.0399780273438,1010.0399780273438,3712600,AMZN,2017-07-17,72.991394,67.5625,0.0,942.4774780273438
2017-07-18,1006.0,1026.030029296875,1004.0,1024.449951171875,1024.449951171875,4007600,AMZN,2017-07-18,280.2409,261.95001220703125,0.0,762.4999389648438
2017-07-19,1025.0,1031.5899658203125,1022.5,1026.8699951171875,1026.8699951171875,2964000,AMZN,2017-07-19,54.28881,49.3125,0.0,977.5574951171875
2017-07-20,1031.5899658203125,1034.969970703125,1022.52001953125,1028.699951171875,1028.699951171875,3097500,AMZN,2017-07-20,3211.249,3223.820068359375,2195.1201171875,0.0
2017-07-21,1021.280029296875,1026.0999755859375,1011.0,1025.6700439453125,1025.6700439453125,2734600,AMZN,2017-07-21,908.25555,961.3499755859375,0.0,64.320068359375
2017-07-24,1028.3399658203125,1043.010009765625,1027.4300537109375,1038.949951171875,1038.949951171875,3288000,AMZN,2017-07-24,193.73752,198.4499969482422,0.0,840.4999542236328
2017-07-25,1038.050048828125,1043.3299560546875,1032.47998046875,1039.8699951171875,1039.8699951171875,2447600,AMZN,2017-07-25,227.6257,227.05999755859375,0.0,812.8099975585938
2017-07-26,1043.199951171875,1053.199951171875,1043.199951171875,1052.800048828125,1052.800048828125,2921300,AMZN,2017-07-26,31.158703,16.177082061767578,0.0,1036.6229667663574
2017-07-27,1069.550048828125,1083.31005859375,1040.1800537109375,1046.0,1046.0,10991700,AMZN,2017-07-27,24.776249,11.600000381469728,0.0,1034.3999996185303
2017-07-28,1012.1400146484376,1032.8499755859375,1001.0,1020.0399780273438,1020.0399780273438,7709400,AMZN,2017-07-28,56.69724,41.9900016784668,0.0,978.049976348877
2017-07-31,1019.0499877929688,1019.0499877929688,987.02001953125,987.780029296875,987.780029296875,7352100,AMZN,2017-07-31,334.38675,303.6400146484375,0.0,684.1400146484375
2017-08-01,996.1099853515624,1006.4000244140624,991.5800170898438,996.1900024414062,996.1900024414062,4572600,AMZN,2017-08-01,43.125267,40.5099983215332,0.0,955.680004119873
2017-08-02,1001.77001953125,1003.2100219726562,981.72998046875,995.8900146484376,995.8900146484376,4070000,AMZN,2017-08-02,310.98782,329.6700134277344,0.0,666.2200012207032
2017-08-03,999.469970703125,999.5,984.5900268554688,986.9199829101562,986.9199829101562,3255800,AMZN,2017-08-03,101.72584,85.98000335693361,0.0,900.9399795532227
2017-08-04,989.6799926757812,991.6699829101562,982.0,987.5800170898438,987.5800170898438,2730300,AMZN,2017-08-04,323.85947,312.6300048828125,0.0,674.9500122070312
2017-08-07,990.6500244140624,995.0,987.1400146484376,992.27001953125,992.27001953125,2676600,AMZN,2017-08-07,44.59544,36.5099983215332,0.0,955.7600212097168
2017-08-08,994.3499755859376,996.280029296875,985.7899780273438,989.8400268554688,989.8400268554688,2902800,AMZN,2017-08-08,57.312946,48.369998931884766,0.0,941.470027923584
2017-08-09,982.5999755859376,988.0,975.27001953125,982.010009765625,982.010009765625,3569700,AMZN,2017-08-09,312.34097,335.6400146484375,0.0,646.3699951171875
2017-08-10,976.2999877929688,979.8599853515624,954.6799926757812,956.9199829101562,956.9199829101562,5684100,AMZN,2017-08-10,913.87164,966.0700073242188,0.0,-9.1500244140625
2017-08-11,960.0,970.3900146484376,951.3800048828124,967.989990234375,967.989990234375,3468000,AMZN,2017-08-11,54.534016,36.0625,0.0,931.927490234375
2017-08-14,978.4099731445312,985.5,976.1900024414062,983.2999877929688,983.2999877929688,3172900,AMZN,2017-08-14,310.9383,319.0400085449219,0.0,664.2599792480469
2017-08-15,988.9000244140624,991.739990234375,982.0,982.739990234375,982.739990234375,2549300,AMZN,2017-08-15,24.27148,18.459999084472656,0.0,964.2799911499023
2017-08-16,981.6500244140624,986.4600219726562,973.219970703125,978.1799926757812,978.1799926757812,3132100,AMZN,2017-08-16,11.175711,7.34375,0.0,970.8362426757812
2017-08-17,977.8400268554688,977.8400268554688,960.3200073242188,960.5700073242188,960.5700073242188,3512400,AMZN,2017-08-17,139.07324,144.27999877929688,0.0,816.2900085449219
2017-08-18,961.4000244140624,965.4299926757812,954.6500244140624,958.469970703125,958.469970703125,3284800,AMZN,2017-08-18,148.81244,136.49000549316406,0.0,821.9799652099609
2017-08-21,957.5700073242188,961.2000122070312,945.4600219726562,953.2899780273438,953.2899780273438,3164500,AMZN,2017-08-21,335.71616,380.1400146484375,0.0,573.1499633789062
2017-08-22,955.52001953125,967.9299926757812,955.5,966.9000244140624,966.9000244140624,2750000,AMZN,2017-08-22,52.759754,44.93000030517578,0.0,921.9700241088866
2017-08-23,959.3800048828124,962.0,954.2000122070312,958.0,958.0,2668300,AMZN,2017-08-23,64.49148,39.97999954223633,0.0,918.0200004577637
2017-08-24,957.4199829101562,959.0,941.1400146484376,952.4500122070312,952.4500122070312,5195700,AMZN,2017-08-24,185.79926,181.08999633789065,0.0,771.3600158691406
2017-08-25,956.0,957.6199951171876,944.0999755859376,945.260009765625,945.260009765625,3324800,AMZN,2017-08-25,84.01236,64.93750000000001,0.0,880.322509765625
2017-08-28,946.5399780273438,953.0,942.25,946.02001953125,946.02001953125,2596700,AMZN,2017-08-28,129.85532,131.7899932861328,0.0,814.2300262451172
2017-08-29,940.0,956.0,936.3300170898438,954.0599975585938,954.0599975585938,2874300,AMZN,2017-08-29,62.733994,55.09375,0.0,898.9662475585938
2017-08-30,958.4400024414062,969.4099731445312,956.9099731445312,967.5900268554688,967.5900268554688,2904600,AMZN,2017-08-30,14.032073,8.470000267028809,0.0,959.1200265884399
2017-08-31,974.7000122070312,981.0,972.760009765625,980.5999755859376,980.5999755859376,3331500,AMZN,2017-08-31,23.003117,14.52999973297119,0.0,966.0699758529664
2017-09-01,984.2000122070312,984.5,976.8800048828124,978.25,978.25,2535900,AMZN,2017-09-01,720.0822,744.8599853515625,0.0,233.3900146484375
2017-09-05,975.4000244140624,976.77001953125,960.3699951171876,965.27001953125,965.27001953125,2883200,AMZN,2017-09-05,14.326565,15.708333015441898,0.0,949.5616865158081
2017-09-06,968.3200073242188,971.8400268554688,960.5999755859376,967.7999877929688,967.7999877929688,2129900,AMZN,2017-09-06,22.44467,17.149999618530273,0.0,950.6499881744385
2017-09-07,974.0,980.5900268554688,972.5499877929688,979.469970703125,979.469970703125,2566800,AMZN,2017-09-07,26.82838,15.85000038146973,0.0,963.6199703216553
2017-09-08,979.0999755859376,979.8800048828124,963.469970703125,965.9000244140624,965.9000244140624,2605300,AMZN,2017-09-08,87.452415,84.08000183105469,0.0,881.8200225830077
2017-09-11,974.4600219726562,981.9400024414062,974.219970703125,977.9600219726562,977.9600219726562,2186700,AMZN,2017-09-11,190.7635,175.38999938964844,0.0,802.5700225830078
2017-09-12,983.27001953125,984.6699829101562,975.52001953125,982.5800170898438,982.5800170898438,2481100,AMZN,2017-09-12,153.76343,130.4600067138672,0.0,852.1200103759766
2017-09-13,983.969970703125,1000.0,979.4199829101562,999.5999755859376,999.5999755859376,3374700,AMZN,2017-09-13,14.029338,6.6354169845581055,0.0,992.9645586013795
2017-09-14,996.7999877929688,998.5599975585938,987.739990234375,992.2100219726562,992.2100219726562,3913300,AMZN,2017-09-14,278.0227,267.1700134277344,0.0,725.0400085449219
2017-09-15,993.010009765625,996.25,984.030029296875,986.7899780273438,986.7899780273438,3760200,AMZN,2017-09-15,56.947308,60.062500000000014,0.0,926.7274780273438
2017-09-18,990.4000244140624,992.7899780273438,968.1699829101562,974.1900024414062,974.1900024414062,3411300,AMZN,2017-09-18,1714.1659,1690.1700439453125,715.9800415039062,0.0
2017-09-19,977.25,978.239990234375,967.4600219726562,969.8599853515624,969.8599853515624,2671100,AMZN,2017-09-19,40.804367,26.780000686645508,0.0,943.0799846649169
2017-09-20,971.7899780273438,974.8099975585938,962.1599731445312,973.2100219726562,973.2100219726562,2888800,AMZN,2017-09-20,346.00598,295.05999755859375,0.0,678.1500244140625
2017-09-21,971.3099975585938,971.7000122070312,962.02001953125,964.6500244140624,964.6500244140624,2337600,AMZN,2017-09-21,1610.581,1405.22998046875,440.5799560546876,0.0
2017-09-22,961.010009765625,965.6099853515624,954.4199829101562,955.0999755859376,955.0999755859376,2641800,AMZN,2017-09-22,303.3715,301.2200012207031,0.0,653.8799743652345
2017-09-25,949.3099975585938,949.4199829101562,932.8900146484376,939.7899780273438,939.7899780273438,5124000,AMZN,2017-09-25,19.167782,13.729999542236328,0.0,926.0599784851074
2017-09-26,945.489990234375,948.6300048828124,931.75,938.5999755859376,938.5999755859376,3564800,AMZN,2017-09-26,74.90079,74.94000244140625,0.0,863.6599731445314
2017-09-27,948.0,955.2999877929688,943.2999877929688,950.8699951171876,950.8699951171876,3148900,AMZN,2017-09-27,33.83267,37.5625,0.0,913.3074951171876
2017-09-28,951.8599853515624,959.7000122070312,950.0999755859376,956.4000244140624,956.4000244140624,2522600,AMZN,2017-09-28,3245.8105,3207.0400390625,2250.6400146484375,0.0
2017-09-29,960.1099853515624,964.8300170898438,958.3800048828124,961.3499755859376,961.3499755859376,2543800,AMZN,2017-09-29,314.49023,326.2699890136719,0.0,635.0799865722657
2017-10-02,964.0,967.3099975585938,952.1199951171876,959.1900024414062,959.1900024414062,2442900,AMZN,2017-10-02,43.553185,39.150001525878906,0.0,920.0400009155273
2017-10-03,958.0,963.6900024414062,950.3699951171876,957.0999755859376,957.0999755859376,2666600,AMZN,2017-10-03,22.549137,14.329999923706055,0.0,942.7699756622316
2017-10-04,954.2100219726562,967.7899780273438,954.0499877929688,965.4500122070312,965.4500122070312,2527400,AMZN,2017-10-04,380.12173,389.989990234375,0.0,575.4600219726562
2017-10-05,970.0,981.510009765625,969.6400146484376,980.8499755859376,980.8499755859376,3229200,AMZN,2017-10-05,87.61133,89.6500015258789,0.0,891.1999740600587
2017-10-06,975.6400146484376,995.75,975.6400146484376,989.5800170898438,989.5800170898438,3782100,AMZN,2017-10-06,345.02942,295.19000244140625,0.0,694.3900146484375
2017-10-09,993.239990234375,998.5,987.5,990.989990234375,990.989990234375,2938600,AMZN,2017-10-09,43.94007,39.09000015258789,0.0,951.8999900817871
2017-10-10,996.6699829101562,997.9500122070312,980.0999755859376,987.2000122070312,987.2000122070312,3084900,AMZN,2017-10-10,956.00836,973.2100219726562,0.0,13.989990234375
2017-10-11,991.27001953125,995.5,986.7000122070312,995.0,995.0,2337100,AMZN,2017-10-11,41.37236,35.45000076293945,0.0,959.5499992370605
2017-10-12,996.8099975585938,1008.4400024414062,992.4000244140624,1000.9299926757812,1000.9299926757812,4067300,AMZN,2017-10-12,130.32405,131.33999633789062,0.0,869.5899963378906
2017-10-13,1007.0,1007.77001953125,1001.030029296875,1002.9400024414062,1002.9400024414062,2431500,AMZN,2017-10-13,1908.9459,1870.6800537109375,867.7400512695312,0.0
2017-10-16,1008.4400024414062,1009.5700073242188,1001.0399780273438,1006.3400268554688,1006.3400268554688,2008900,AMZN,2017-10-16,16.175022,8.369999885559082,0.0,997.9700269699097
2017-10-17,1005.5900268554688,1011.469970703125,1004.3800048828124,1009.1300048828124,1009.1300048828124,2319700,AMZN,2017-10-17,173.32224,173.3300018310547,0.0,835.8000030517577
2017-10-18,1009.27001953125,1022.3099975585938,996.5499877929688,997.0,997.0,2499700,AMZN,2017-10-18,1597.8577,1610.1500244140625,613.1500244140625,0.0
2017-10-19,990.0,991.0499877929688,980.239990234375,986.6099853515624,986.6099853515624,3108200,AMZN,2017-10-19,1588.0138,1448.5,461.8900146484376,0.0
2017-10-20,993.530029296875,994.6199951171876,982.0,982.9099731445312,982.9099731445312,2365100,AMZN,2017-10-20,1182.0305,1190.5799560546875,207.66998291015625,0.0
2017-10-23,986.72998046875,986.780029296875,962.5,966.2999877929688,966.2999877929688,3494100,AMZN,2017-10-23,227.91006,213.2100067138672,0.0,753.0899810791016
2017-10-24,969.0,979.8499755859376,965.0,975.9000244140624,975.9000244140624,2723900,AMZN,2017-10-24,982.7059,1136.8399658203125,160.9399414062501,0.0
2017-10-25,978.0,984.4400024414062,966.239990234375,972.9099731445312,972.9099731445312,3033100,AMZN,2017-10-25,1916.4126,1952.0699462890625,979.1599731445312,0.0
2017-10-26,980.3300170898438,982.9000244140624,968.5499877929688,972.4299926757812,972.4299926757812,5618700,AMZN,2017-10-26,1840.6497,1886.5200195312498,914.0900268554685,0.0
2017-10-27,1058.1400146484375,1105.5799560546875,1050.550048828125,1100.949951171875,1100.949951171875,16565000,AMZN,2017-10-27,44.669346,35.20000076293945,0.0,1065.7499504089355
2017-10-30,1095.010009765625,1122.7900390625,1093.56005859375,1110.8499755859375,1110.8499755859375,6613100,AMZN,2017-10-30,311.4172,338.6400146484375,0.0,772.2099609375
2017-10-31,1109.0,1110.5400390625,1101.1199951171875,1105.280029296875,1105.280029296875,3477000,AMZN,2017-10-31,982.59937,987.7800292968751,0.0,117.49999999999989
2017-11-01,1105.4000244140625,1108.969970703125,1096.739990234375,1103.6800537109375,1103.6800537109375,3755500,AMZN,2017-11-01,3200.0364,3094.080078125,1990.4000244140625,0.0
2017-11-02,1097.81005859375,1101.93994140625,1086.8699951171875,1094.219970703125,1094.219970703125,3684900,AMZN,2017-11-02,69.00227,42.5,0.0,1051.719970703125
2017-11-03,1091.1500244140625,1112.6800537109375,1088.52001953125,1111.5999755859375,1111.5999755859375,3751500,AMZN,2017-11-03,151.83772,139.41000366210938,0.0,972.1899719238281
2017-11-06,1109.1500244140625,1125.4100341796875,1108.77001953125,1120.6600341796875,1120.6600341796875,3381100,AMZN,2017-11-06,79.43057,53.25,0.0,1067.4100341796875
2017-11-07,1124.739990234375,1130.5999755859375,1117.5,1123.1700439453125,1123.1700439453125,2689000,AMZN,2017-11-07,78.748535,87.25000000000001,0.0,1035.9200439453125
2017-11-08,1122.8199462890625,1135.5400390625,1119.1099853515625,1132.8800048828125,1132.8800048828125,2581500,AMZN,2017-11-08,94.2923,74.18750000000001,0.0,1058.6925048828125
2017-11-09,1125.9599609375,1129.6199951171875,1115.77001953125,1129.1300048828125,1129.1300048828125,3732700,AMZN,2017-11-09,58.134377,63.180000305175774,0.0,1065.9500045776367
2017-11-10,1126.0999755859375,1131.75,1124.06005859375,1125.3499755859375,1125.3499755859375,2179900,AMZN,2017-11-10,130.69688,130.47000122070312,0.0,994.8799743652344
2017-11-13,1123.0,1139.9000244140625,1122.3399658203125,1129.1700439453125,1129.1700439453125,2918400,AMZN,2017-11-13,666.9584,607.0499877929688,0.0,522.1200561523438
2017-11-14,1130.1099853515625,1138.0,1123.8900146484375,1136.8399658203125,1136.8399658203125,3138400,AMZN,2017-11-14,19.894056,11.640000343322754,0.0,1125.1999654769897
2017-11-15,1127.010009765625,1131.75,1121.6300048828125,1126.68994140625,1126.68994140625,3928700,AMZN,2017-11-15,136.6383,117.36000061035156,0.0,1009.3299407958984
2017-11-16,1130.1600341796875,1138.1600341796875,1130.050048828125,1137.2900390625,1137.2900390625,2213300,AMZN,2017-11-16,12.692118,5.0729169845581055,0.0,1132.217122077942
2017-11-17,1138.280029296875,1138.800048828125,1125.81005859375,1129.8800048828125,1129.8800048828125,2413400,AMZN,2017-11-17,153.15999,124.58999633789061,0.0,1005.2900085449219
2017-11-20,1129.77001953125,1133.4200439453125,1122.550048828125,1126.31005859375,1126.31005859375,2163900,AMZN,2017-11-20,152.92159,125.77999877929688,0.0,1000.5300598144531
2017-11-21,1132.8599853515625,1140.0,1128.199951171875,1139.489990234375,1139.489990234375,2479400,AMZN,2017-11-21,258.012,258.4800109863281,0.0,881.0099792480469
2017-11-22,1141.0,1160.27001953125,1141.0,1156.1600341796875,1156.1600341796875,3555300,AMZN,2017-11-22,1800.0046,1861.68994140625,705.5299072265625,0.0
2017-11-24,1160.699951171875,1186.8399658203125,1160.699951171875,1186.0,1186.0,3528000,AMZN,2017-11-24,22.45148,16.440000534057617,0.0,1169.5599994659424
2017-11-27,1202.6600341796875,1213.4100341796875,1191.1500244140625,1195.8299560546875,1195.8299560546875,6744000,AMZN,2017-11-27,1052.3748,958.469970703125,0.0,237.3599853515625
2017-11-28,1204.8800048828125,1205.3399658203125,1188.52001953125,1193.5999755859375,1193.5999755859375,4559400,AMZN,2017-11-28,250.22224,215.6199951171875,0.0,977.97998046875
2017-11-29,1194.800048828125,1194.800048828125,1145.18994140625,1161.27001953125,1161.27001953125,9257500,AMZN,2017-11-29,104.90715,78.4800033569336,0.0,1082.7900161743164
2017-11-30,1167.0999755859375,1178.5699462890625,1160.0,1176.75,1176.75,4509200,AMZN,2017-11-30,275.86795,273.3599853515625,0.0,903.3900146484375
2017-12-01,1172.050048828125,1179.6500244140625,1152.0,1162.3499755859375,1162.3499755859375,4107100,AMZN,2017-12-01,87.05154,69.12000274658203,0.0,1093.2299728393555
2017-12-04,1173.8499755859375,1175.199951171875,1128.0,1133.949951171875,1133.949951171875,5931900,AMZN,2017-12-04,44.638653,36.86000061035156,0.0,1097.0899505615234
2017-12-05,1128.260009765625,1159.27001953125,1124.739990234375,1141.5699462890625,1141.5699462890625,4079800,AMZN,2017-12-05,100.87095,95.31999969482422,0.0,1046.2499465942383
2017-12-06,1137.989990234375,1155.8900146484375,1136.0799560546875,1152.3499755859375,1152.3499755859375,2853300,AMZN,2017-12-06,13.956247,7.859375,0.0,1144.4906005859375
2017-12-07,1156.5899658203125,1163.18994140625,1151.0,1159.7900390625,1159.7900390625,2511600,AMZN,2017-12-07,78.33217,57.00000000000001,0.0,1102.7900390625
2017-12-08,1170.4000244140625,1172.7900390625,1157.0999755859375,1162.0,1162.0,3050100,AMZN,2017-12-08,229.16463,247.770004272461,0.0,914.2299957275391
2017-12-11,1164.5999755859375,1169.9000244140625,1157.0,1168.9200439453125,1168.9200439453125,2363500,AMZN,2017-12-11,51.344524,43.720001220703125,0.0,1125.2000427246094
2017-12-12,1166.510009765625,1173.5999755859375,1161.6099853515625,1165.0799560546875,1165.0799560546875,2235900,AMZN,2017-12-12,25.174393,16.18000030517578,0.0,1148.8999557495117
2017-12-13,1170.0,1170.8699951171875,1160.27001953125,1164.1300048828125,1164.1300048828125,2616800,AMZN,2017-12-13,42.454777,40.849998474121094,0.0,1123.2800064086914
2017-12-14,1163.7099609375,1177.9300537109375,1162.449951171875,1174.260009765625,1174.260009765625,3214300,AMZN,2017-12-14,72.25336,70.51999664306642,0.0,1103.7400131225586
2017-12-15,1179.030029296875,1182.75,1169.3299560546875,1179.1400146484375,1179.1400146484375,4778600,AMZN,2017-12-15,986.56726,961.3499755859375,0.0,217.7900390625
2017-12-18,1187.3699951171875,1194.780029296875,1180.9100341796875,1190.5799560546875,1190.5799560546875,2947600,AMZN,2017-12-18,209.773,197.13999938964844,0.0,993.4399566650391
2017-12-19,1189.1500244140625,1192.969970703125,1179.1400146484375,1187.3800048828125,1187.3800048828125,2587800,AMZN,2017-12-19,79.065094,92.21875000000001,0.0,1095.1612548828125
2017-12-20,1190.5,1191.0,1176.0,1177.6199951171875,1177.6199951171875,2371200,AMZN,2017-12-20,198.50867,201.25,0.0,976.3699951171875
2017-12-21,1175.9000244140625,1179.1700439453125,1167.6400146484375,1174.760009765625,1174.760009765625,2123100,AMZN,2017-12-21,369.62848,315.9100036621094,0.0,858.8500061035156
2017-12-22,1172.0799560546875,1174.6199951171875,1167.8299560546875,1168.3599853515625,1168.3599853515625,1585100,AMZN,2017-12-22,230.20908,234.77999877929688,0.0,933.5799865722656
2017-12-26,1168.3599853515625,1178.3199462890625,1160.550048828125,1176.760009765625,1176.760009765625,2005200,AMZN,2017-12-26,45.524887,35.7400016784668,0.0,1141.0200080871582
2017-12-27,1179.9100341796875,1187.2900390625,1175.6099853515625,1182.260009765625,1182.260009765625,1867200,AMZN,2017-12-27,227.64116,234.05999755859372,0.0,948.2000122070312
2017-12-28,1189.0,1190.0999755859375,1184.3800048828125,1186.0999755859375,1186.0999755859375,1841700,AMZN,2017-12-28,325.7507,305.4599914550781,0.0,880.6399841308594
2017-12-29,1182.3499755859375,1184.0,1167.5,1169.469970703125,1169.469970703125,2688400,AMZN,2017-12-29,22.913668,15.010000228881834,0.0,1154.4599704742432
2018-01-02,1172.0,1190.0,1170.510009765625,1189.010009765625,1189.010009765625,2694500,AMZN,2018-01-02,1617.9814,1641.5400390625,452.530029296875,0.0
2018-01-03,1188.300048828125,1205.489990234375,1188.300048828125,1204.199951171875,1204.199951171875,3108800,AMZN,2018-01-03,778.1404,817.8800048828125,0.0,386.3199462890625
2018-01-04,1205.0,1215.8699951171875,1204.6600341796875,1209.5899658203125,1209.5899658203125,3022100,AMZN,2018-01-04,352.66675,359.7799987792969,0.0,849.8099670410156
2018-01-05,1217.510009765625,1229.1400146484375,1210.0,1229.1400146484375,1229.1400146484375,3544700,AMZN,2018-01-05,35.638992,32.119998931884766,0.0,1197.0200157165527
2018-01-08,1236.0,1253.0799560546875,1232.030029296875,1246.8699951171875,1246.8699951171875,4279500,AMZN,2018-01-08,54.391254,41.16999816894531,0.0,1205.6999969482422
2018-01-09,1256.9000244140625,1259.3299560546875,1241.760009765625,1252.699951171875,1252.699951171875,3661300,AMZN,2018-01-09,858.5923,896.22998046875,0.0,356.469970703125
2018-01-10,1245.1500244140625,1254.3299560546875,1237.22998046875,1254.3299560546875,1254.3299560546875,2686000,AMZN,2018-01-10,134.37871,128.32000732421875,0.0,1126.0099487304688
2018-01-11,1259.739990234375,1276.77001953125,1256.4599609375,1276.6800537109375,1276.6800537109375,3125000,AMZN,2018-01-11,36.590664,25.670000076293945,0.0,1251.0100536346436
2018-01-12,1273.3900146484375,1305.760009765625,1273.3900146484375,1305.199951171875,1305.199951171875,5443700,AMZN,2018-01-12,86.163826,65.23000335693361,0.0,1239.9699478149414
2018-01-16,1323.0,1339.93994140625,1292.300048828125,1304.8599853515625,1304.8599853515625,7220700,AMZN,2018-01-16,48.953533,42.619998931884766,0.0,1262.2399864196777
2018-01-17,1312.239990234375,1314.0,1280.8800048828125,1295.0,1295.0,5253800,AMZN,2018-01-17,51.852264,43.279998779296875,0.0,1251.7200012207031
2018-01-18,1293.949951171875,1304.5999755859375,1284.02001953125,1293.3199462890625,1293.3199462890625,4026900,AMZN,2018-01-18,15.753102,7.559999942779541,0.0,1285.759946346283
2018-01-19,1312.0,1313.0,1292.989990234375,1294.5799560546875,1294.5799560546875,4578500,AMZN,2018-01-19,117.72402,81.9375,0.0,1212.6424560546875
2018-01-22,1297.1700439453125,1327.449951171875,1296.6600341796875,1327.31005859375,1327.31005859375,4140100,AMZN,2018-01-22,846.9487,818.989990234375,0.0,508.320068359375
2018-01-23,1338.0899658203125,1364.9000244140625,1337.3399658203125,1362.5400390625,1362.5400390625,5169300,AMZN,2018-01-23,97.15426,85.31999969482422,0.0,1277.2200393676758
2018-01-24,1374.8199462890625,1388.1600341796875,1338.0,1357.510009765625,1357.510009765625,6807500,AMZN,2018-01-24,298.43903,295.8599853515625,0.0,1061.6500244140625
2018-01-25,1368.0,1378.3399658203125,1357.6199951171875,1377.949951171875,1377.949951171875,4753000,AMZN,2018-01-25,269.55765,267.6300048828125,0.0,1110.3199462890625
2018-01-26,1392.010009765625,1402.530029296875,1380.9100341796875,1402.050048828125,1402.050048828125,4857300,AMZN,2018-01-26,292.86285,299.6400146484375,0.0,1102.4100341796875
2018-01-29,1409.1800537109375,1431.3900146484375,1400.43994140625,1417.6800537109375,1417.6800537109375,5701900,AMZN,2018-01-29,12.936401,6.5833330154418945,0.0,1411.0967206954956
2018-01-30,1403.1700439453125,1439.25,1392.0,1437.8199462890625,1437.8199462890625,5871900,AMZN,2018-01-30,103.998085,92.84999847412111,0.0,1344.9699478149414
2018-01-31,1451.300048828125,1472.5799560546875,1450.0400390625,1450.8900146484375,1450.8900146484375,6424700,AMZN,2018-01-31,60.71016,49.40999984741211,0.0,1401.4800148010254
2018-02-01,1445.0,1459.8800048828125,1385.1400146484375,1390.0,1390.0,9113800,AMZN,2018-02-01,16.16779,12.635416984558104,0.0,1377.364583015442
2018-02-02,1477.3900146484375,1498.0,1414.0,1429.949951171875,1429.949951171875,11125700,AMZN,2018-02-02,23.024078,15.500000000000002,0.0,1414.449951171875
2018-02-05,1402.6199951171875,1458.97998046875,1320.719970703125,1390.0,1390.0,11495000,AMZN,2018-02-05,62.564377,52.45000076293945,0.0,1337.5499992370605
2018-02-06,1361.4599609375,1443.989990234375,1351.7900390625,1442.8399658203125,1442.8399658203125,11066800,AMZN,2018-02-06,135.98856,145.4499969482422,0.0,1297.3899688720703
2018-02-07,1449.0,1460.989990234375,1415.1500244140625,1416.780029296875,1416.780029296875,7162700,AMZN,2018-02-07,97.154915,81.25,0.0,1335.530029296875
2018-02-08,1429.6800537109375,1433.75,1349.93994140625,1350.5,1350.5,8578600,AMZN,2018-02-08,55.709717,63.310001373291016,0.0,1287.189998626709
2018-02-09,1373.489990234375,1383.5,1265.9300537109375,1339.5999755859375,1339.5999755859375,14141500,AMZN,2018-02-09,1450.8705,1500.0,160.4000244140625,0.0
2018-02-12,1364.6700439453125,1393.81005859375,1344.010009765625,1386.22998046875,1386.22998046875,6738900,AMZN,2018-02-12,204.27005,211.52999877929688,0.0,1174.6999816894531
2018-02-13,1385.9300537109375,1419.719970703125,1383.530029296875,1414.510009765625,1414.510009765625,5917900,AMZN,2018-02-13,143.80089,122.01000213623048,0.0,1292.5000076293945
2018-02-14,1406.25,1452.06005859375,1403.3599853515625,1451.050048828125,1451.050048828125,5959200,AMZN,2018-02-14,285.60498,282.1000061035156,0.0,1168.9500427246094
2018-02-15,1466.8900146484375,1468.93994140625,1436.8399658203125,1461.760009765625,1461.760009765625,5652700,AMZN,2018-02-15,245.48862,259.1400146484375,0.0,1202.6199951171875
2018-02-16,1457.3699951171875,1465.800048828125,1446.56005859375,1448.68994140625,1448.68994140625,4472600,AMZN,2018-02-16,44.895664,36.31999969482422,0.0,1412.3699417114258
2018-02-20,1446.489990234375,1488.77001953125,1446.489990234375,1468.3499755859375,1468.3499755859375,6499200,AMZN,2018-02-20,808.4201,832.3499755859375,0.0,636.0
2018-02-21,1485.0,1503.489990234375,1478.9200439453125,1482.9200439453125,1482.9200439453125,6304400,AMZN,2018-02-21,395.7176,374.0899963378906,0.0,1108.8300476074219
2018-02-22,1495.3599853515625,1502.5400390625,1475.760009765625,1485.3399658203125,1485.3399658203125,4858100,AMZN,2018-02-22,50.66917,41.25,0.0,1444.0899658203125
2018-02-23,1495.3399658203125,1500.0,1486.5,1500.0,1500.0,4418100,AMZN,2018-02-23,224.11952,196.2400054931641,0.0,1303.759994506836
2018-02-26,1509.199951171875,1522.8399658203125,1507.0,1521.949951171875,1521.949951171875,4955000,AMZN,2018-02-26,229.34145,194.1499938964844,0.0,1327.7999572753906
2018-02-27,1524.5,1526.780029296875,1507.2099609375,1511.97998046875,1511.97998046875,4808800,AMZN,2018-02-27,218.1028,189.97999572753903,0.0,1321.999984741211
2018-02-28,1519.510009765625,1528.699951171875,1512.0,1512.449951171875,1512.449951171875,4515000,AMZN,2018-02-28,54.97795,41.08000183105469,0.0,1471.3699493408203
2018-03-01,1513.5999755859375,1518.489990234375,1465.0,1493.449951171875,1493.449951171875,6835200,AMZN,2018-03-01,582.0936,569.6300048828125,0.0,923.8199462890625
2018-03-02,1469.0999755859375,1501.050048828125,1455.010009765625,1500.25,1500.25,6587600,AMZN,2018-03-02,1886.4148,1749.6199951171875,249.3699951171875,0.0
2018-03-05,1494.239990234375,1525.3800048828125,1481.0,1523.6099853515625,1523.6099853515625,5233900,AMZN,2018-03-05,3216.1602,3299.300048828125,1775.6900634765625,0.0
2018-03-06,1533.199951171875,1542.1300048828125,1528.0,1537.6400146484375,1537.6400146484375,4561700,AMZN,2018-03-06,747.554,764.6300048828125,0.0,773.010009765625
2018-03-07,1526.52001953125,1545.9000244140625,1522.510009765625,1545.0,1545.0,4174100,AMZN,2018-03-07,38.98892,31.649999618530273,0.0,1513.3500003814697
2018-03-08,1550.0,1554.8800048828125,1545.25,1551.8599853515625,1551.8599853515625,3862600,AMZN,2018-03-08,11.730292,4.125,0.0,1547.7349853515625
2018-03-09,1563.5,1578.93994140625,1559.0799560546875,1578.8900146484375,1578.8900146484375,4534300,AMZN,2018-03-09,1665.3646,1641.0899658203125,62.199951171875,0.0
2018-03-12,1592.5999755859375,1605.3299560546875,1586.699951171875,1598.3900146484375,1598.3900146484375,5174200,AMZN,2018-03-12,104.84555,118.80999755859375,0.0,1479.5800170898438
2018-03-13,1615.9599609375,1617.5400390625,1578.010009765625,1588.1800537109375,1588.1800537109375,6531900,AMZN,2018-03-13,99.723495,79.04000091552734,0.0,1509.1400527954102
2018-03-14,1597.0,1606.43994140625,1590.8900146484375,1591.0,1591.0,4259400,AMZN,2018-03-14,45.61392,39.0099983215332,0.0,1551.9900016784668
2018-03-15,1595.0,1596.9100341796875,1578.1099853515625,1582.3199462890625,1582.3199462890625,4069700,AMZN,2018-03-15,1719.3698,1501.969970703125,-80.3499755859375,0.0
2018-03-16,1583.449951171875,1589.43994140625,1567.5,1571.6800537109375,1571.6800537109375,5425000,AMZN,2018-03-16,49.1399,51.25,0.0,1520.4300537109375
2018-03-19,1554.530029296875,1561.6600341796875,1525.3499755859375,1544.9300537109375,1544.9300537109375,6580800,AMZN,2018-03-19,90.93288,74.62999725341797,0.0,1470.3000564575195
2018-03-20,1550.3399658203125,1587.0,1545.4100341796875,1586.510009765625,1586.510009765625,4581600,AMZN,2018-03-20,217.72667,188.2400054931641,0.0,1398.270004272461
2018-03-21,1586.449951171875,1590.0,1563.1700439453125,1581.8599853515625,1581.8599853515625,4750800,AMZN,2018-03-21,29.274029,22.8799991607666,0.0,1558.979986190796
2018-03-22,1565.469970703125,1573.8499755859375,1542.4000244140625,1544.9200439453125,1544.9200439453125,6320600,AMZN,2018-03-22,22.7819,21.833332061767575,0.0,1523.086711883545
2018-03-23,1539.010009765625,1549.02001953125,1495.3599853515625,1495.56005859375,1495.56005859375,8006000,AMZN,2018-03-23,10.911438,4.0052080154418945,0.0,1491.554850578308
2018-03-26,1530.0,1556.989990234375,1499.25,1555.8599853515625,1555.8599853515625,5624700,AMZN,2018-03-26,1948.5463,1944.3000488281248,388.4400634765623,0.0
2018-03-27,1572.4000244140625,1575.969970703125,1482.3199462890625,1497.050048828125,1497.050048828125,6999600,AMZN,2018-03-27,685.86395,662.7899780273438,0.0,834.2600708007812
2018-03-28,1447.0,1455.9000244140625,1386.1700439453125,1431.4200439453125,1431.4200439453125,13705300,AMZN,2018-03-28,137.4617,145.75,0.0,1285.6700439453125
2018-03-29,1406.0,1455.469970703125,1365.199951171875,1447.3399658203125,1447.3399658203125,12581100,AMZN,2018-03-29,614.21246,631.0,0.0,816.3399658203125
2018-04-02,1417.6199951171875,1421.3599853515625,1355.0,1371.989990234375,1371.989990234375,10463600,AMZN,2018-04-02,277.62186,263.54998779296875,0.0,1108.4400024414062
2018-04-03,1391.3800048828125,1414.0,1355.3299560546875,1392.050048828125,1392.050048828125,10231200,AMZN,2018-04-03,80.23856,70.7300033569336,0.0,1321.3200454711914
2018-04-04,1358.239990234375,1415.3900146484375,1352.8800048828125,1410.5699462890625,1410.5699462890625,6982300,AMZN,2018-04-04,58.72362,56.20000076293945,0.0,1354.369945526123
2018-04-05,1441.989990234375,1459.56005859375,1427.0699462890625,1451.75,1451.75,6413500,AMZN,2018-04-05,11.911769,4.2604169845581055,0.0,1447.489583015442
2018-04-06,1429.969970703125,1452.5,1400.260009765625,1405.22998046875,1405.22998046875,5882300,AMZN,2018-04-06,40.676674,31.749999999999996,0.0,1373.47998046875
2018-04-09,1425.030029296875,1438.47998046875,1402.5699462890625,1406.0799560546875,1406.0799560546875,4208200,AMZN,2018-04-09,1824.1339,1862.47998046875,456.4000244140625,0.0
2018-04-10,1431.989990234375,1438.3800048828125,1415.699951171875,1436.219970703125,1436.219970703125,4254100,AMZN,2018-04-10,1810.0703,1800.800048828125,364.580078125,0.0
2018-04-11,1439.43994140625,1448.780029296875,1424.8900146484375,1427.050048828125,1427.050048828125,3582500,AMZN,2018-04-11,35.933247,34.86000061035156,0.0,1392.1900482177734
2018-04-12,1439.5,1452.1199951171875,1435.06005859375,1448.5,1448.5,3135000,AMZN,2018-04-12,438.41522,427.80999755859375,0.0,1020.6900024414062
2018-04-13,1449.1400146484375,1459.780029296875,1424.52001953125,1430.7900390625,1430.7900390625,3685300,AMZN,2018-04-13,53.22815,46.125,0.0,1384.6650390625
2018-04-16,1445.0,1447.0,1427.47998046875,1441.5,1441.5,2808600,AMZN,2018-04-16,44.433636,34.5,0.0,1407.0
2018-04-17,1462.300048828125,1507.18994140625,1457.02001953125,1503.8299560546875,1503.8299560546875,5114400,AMZN,2018-04-17,183.57399,160.97000122070312,0.0,1342.8599548339844
2018-04-18,1514.6500244140625,1533.800048828125,1504.1099853515625,1527.8399658203125,1527.8399658203125,5227500,AMZN,2018-04-18,39.801773,35.59000015258789,0.0,1492.2499656677246
2018-04-19,1543.219970703125,1568.52001953125,1539.06005859375,1556.9100341796875,1556.9100341796875,6523700,AMZN,2018-04-19,37.958576,20.458332061767575,0.0,1536.45170211792
2018-04-20,1561.199951171875,1561.199951171875,1516.0899658203125,1527.489990234375,1527.489990234375,5541600,AMZN,2018-04-20,351.07297,313.6499938964844,0.0,1213.8399963378906
2018-04-23,1546.68994140625,1548.0,1503.4100341796875,1517.8599853515625,1517.8599853515625,4465400,AMZN,2018-04-23,42.4582,36.369998931884766,0.0,1481.4899864196777
2018-04-24,1535.800048828125,1539.5,1448.449951171875,1460.0899658203125,1460.0899658203125,7494700,AMZN,2018-04-24,31.604136,21.549999237060547,0.0,1438.539966583252
2018-04-25,1458.0,1469.989990234375,1415.02001953125,1460.1700439453125,1460.1700439453125,6587300,AMZN,2018-04-25,51.325195,38.16999816894531,0.0,1422.0000457763672
2018-04-26,1485.010009765625,1529.4200439453125,1478.5,1517.9599609375,1517.9599609375,8801100,AMZN,2018-04-26,1776.331,1752.7900390625,234.830078125,0.0
2018-04-27,1634.010009765625,1638.0999755859375,1567.3900146484375,1572.6199951171875,1572.6199951171875,13053200,AMZN,2018-04-27,24.16149,15.619999885559082,0.0,1556.9999952316284
2018-04-30,1582.5,1596.0,1560.93994140625,1566.1300048828125,1566.1300048828125,5464100,AMZN,2018-04-30,1975.5403,1870.3199462890623,304.1899414062498,0.0
2018-05-01,1563.219970703125,1585.0,1552.1800537109375,1582.260009765625,1582.260009765625,4572100,AMZN,2018-05-01,27.471176,14.375,0.0,1567.885009765625
2018-05-02,1580.97998046875,1588.5,1566.3599853515625,1569.6800537109375,1569.6800537109375,4360300,AMZN,2018-05-02,55.84059,62.187500000000014,0.0,1507.4925537109375
2018-05-03,1560.010009765625,1574.800048828125,1546.02001953125,1572.0799560546875,1572.0799560546875,4251900,AMZN,2018-05-03,64.27186,52.47999954223633,0.0,1519.5999565124512
2018-05-04,1562.449951171875,1584.9000244140625,1562.18994140625,1580.949951171875,1580.949951171875,3443600,AMZN,2018-05-04,14.952948,7.531250000000001,0.0,1573.418701171875
2018-05-07,1589.3399658203125,1606.949951171875,1587.8299560546875,1600.1400146484375,1600.1400146484375,3801900,AMZN,2018-05-07,280.89575,306.8699951171875,0.0,1293.27001953125
2018-05-08,1595.0,1596.8800048828125,1582.510009765625,1592.3900146484375,1592.3900146484375,3067900,AMZN,2018-05-08,23.460674,18.940000534057617,0.0,1573.4500141143799
2018-05-09,1600.0,1608.0,1592.0,1608.0,1608.0,3637300,AMZN,2018-05-09,981.77155,965.1400146484376,0.0,642.8599853515624
2018-05-10,1608.47998046875,1615.5999755859375,1603.43994140625,1609.0799560546875,1609.0799560546875,2817500,AMZN,2018-05-10,82.292114,46.875,0.0,1562.2049560546875
2018-05-11,1610.989990234375,1611.0999755859375,1597.8900146484375,1602.9100341796875,1602.9100341796875,2263900,AMZN,2018-05-11,1021.9454,992.27001953125,0.0,610.6400146484375
2018-05-14,1604.0,1611.1800537109375,1600.050048828125,1601.5400390625,1601.5400390625,2509500,AMZN,2018-05-14,285.71683,290.5899963378906,0.0,1310.9500427246094
2018-05-15,1587.800048828125,1587.800048828125,1565.219970703125,1576.1199951171875,1576.1199951171875,5077500,AMZN,2018-05-15,748.2221,771.239990234375,0.0,804.8800048828125
2018-05-16,1577.5,1594.4300537109375,1576.6700439453125,1587.280029296875,1587.280029296875,2570600,AMZN,2018-05-16,51.707375,50.95000076293945,0.0,1536.3300285339355
2018-05-17,1580.56005859375,1594.0400390625,1573.0,1581.760009765625,1581.760009765625,2147600,AMZN,2018-05-17,79.24207,75.51000213623047,0.0,1506.2500076293945
2018-05-18,1581.3299560546875,1583.5899658203125,1572.0999755859375,1574.3699951171875,1574.3699951171875,2642600,AMZN,2018-05-18,41.261845,33.40999984741211,0.0,1540.9599952697754
2018-05-21,1585.0,1592.050048828125,1575.0,1585.4599609375,1585.4599609375,2925200,AMZN,2018-05-21,2018.0673,1832.8900146484375,247.4300537109375,0.0
2018-05-22,1589.8900146484375,1589.8900146484375,1575.25,1581.4000244140625,1581.4000244140625,2115600,AMZN,2018-05-22,30.70225,30.10416793823243,0.0,1551.29585647583
2018-05-23,1571.050048828125,1601.8599853515625,1566.3399658203125,1601.8599853515625,1601.8599853515625,3361900,AMZN,2018-05-23,136.50845,117.38999938964844,0.0,1484.469985961914
2018-05-24,1598.030029296875,1608.239990234375,1588.3800048828125,1603.0699462890625,1603.0699462890625,3430000,AMZN,2018-05-24,440.27078,430.7799987792969,0.0,1172.2899475097656
2018-05-25,1603.0,1614.1199951171875,1600.449951171875,1610.1500244140625,1610.1500244140625,2698400,AMZN,2018-05-25,71.881096,78.56250000000001,0.0,1531.5875244140625
2018-05-29,1600.7099609375,1621.7900390625,1600.1500244140625,1612.8699951171875,1612.8699951171875,3846500,AMZN,2018-05-29,187.60884,183.8699951171875,0.0,1429.0
2018-05-30,1618.0999755859375,1626.0,1612.9300537109375,1624.8900146484375,1624.8900146484375,2907400,AMZN,2018-05-30,1921.7913,1977.9000244140623,353.0100097656248,0.0
2018-05-31,1623.0,1635.0,1621.3499755859375,1629.6199951171875,1629.6199951171875,3166300,AMZN,2018-05-31,96.16718,89.37999725341797,0.0,1540.2399978637695
2018-06-01,1637.030029296875,1646.72998046875,1635.0899658203125,1641.5400390625,1641.5400390625,3313400,AMZN,2018-06-01,44.41917,36.31999969482422,0.0,1605.2200393676758
2018-06-04,1648.9000244140625,1665.6800537109375,1645.489990234375,1665.27001953125,1665.27001953125,3187700,AMZN,2018-06-04,26.390549,22.209999084472656,0.0,1643.0600204467773
2018-06-05,1672.989990234375,1699.0,1670.06005859375,1696.3499755859375,1696.3499755859375,4782200,AMZN,2018-06-05,85.794876,63.47000122070313,0.0,1632.8799743652344
2018-06-06,1704.510009765625,1714.5,1686.469970703125,1695.75,1695.75,5473200,AMZN,2018-06-06,841.323,852.1900024414062,0.0,843.5599975585938
2018-06-07,1698.56005859375,1699.9000244140625,1676.1099853515625,1689.300048828125,1689.300048828125,3765700,AMZN,2018-06-07,769.66364,841.6599731445312,0.0,847.6400756835938
2018-06-08,1681.1199951171875,1689.43994140625,1673.010009765625,1683.989990234375,1683.989990234375,2955100,AMZN,2018-06-08,659.83875,632.6500244140625,0.0,1051.3399658203125
2018-06-11,1681.510009765625,1694.239990234375,1680.5899658203125,1689.1199951171875,1689.1199951171875,2335500,AMZN,2018-06-11,50.71083,39.630001068115234,0.0,1649.4899940490723
2018-06-12,1693.0,1699.510009765625,1691.52001953125,1698.75,1698.75,2259200,AMZN,2018-06-12,1833.2811,1720.260009765625,21.510009765625,0.0
2018-06-13,1702.81005859375,1713.75,1700.1199951171875,1704.8599853515625,1704.8599853515625,3327500,AMZN,2018-06-13,43.927814,32.52000045776367,0.0,1672.3399848937988
2018-06-14,1713.47998046875,1724.800048828125,1708.8699951171875,1723.8599853515625,1723.8599853515625,3174400,AMZN,2018-06-14,30.933672,21.31999969482422,0.0,1702.5399856567383
2018-06-15,1714.0,1720.8699951171875,1708.52001953125,1715.969970703125,1715.969970703125,4777600,AMZN,2018-06-15,50.1477,42.9375,0.0,1673.032470703125
2018-06-18,1706.260009765625,1726.739990234375,1702.56005859375,1723.7900390625,1723.7900390625,3107700,AMZN,2018-06-18,216.38135,213.8500061035156,0.0,1509.9400329589844
2018-06-19,1709.0400390625,1736.1099853515625,1700.3900146484375,1734.780029296875,1734.780029296875,4290100,AMZN,2018-06-19,71.50633,63.750000000000014,0.0,1671.030029296875
2018-06-20,1742.5,1762.9300537109375,1741.3599853515625,1750.0799560546875,1750.0799560546875,4332600,AMZN,2018-06-20,1676.3418,1607.949951171875,0.0,142.1300048828125
2018-06-21,1760.0,1763.0999755859375,1717.56005859375,1730.219970703125,1730.219970703125,4941100,AMZN,2018-06-21,20.958086,11.0,0.0,1719.219970703125
2018-06-22,1742.6199951171875,1743.0,1711.9000244140625,1715.6700439453125,1715.6700439453125,4075100,AMZN,2018-06-22,381.1265,341.9599914550781,0.0,1373.7100524902344
2018-06-25,1702.510009765625,1705.0,1646.31005859375,1663.1500244140625,1663.1500244140625,7511200,AMZN,2018-06-25,41.873604,34.72999954223633,0.0,1628.4200248718262
2018-06-26,1672.3699951171875,1701.5699462890625,1663.3399658203125,1691.0899658203125,1691.0899658203125,4386600,AMZN,2018-06-26,345.9796,325.0,0.0,1366.0899658203125
2018-06-27,1708.1099853515625,1711.949951171875,1660.0,1660.510009765625,1660.510009765625,4872200,AMZN,2018-06-27,224.34949,198.36000061035156,0.0,1462.1500091552734
2018-06-28,1672.5400390625,1705.5,1661.1700439453125,1701.449951171875,1701.449951171875,4529700,AMZN,2018-06-28,347.4604,362.1000061035156,0.0,1339.3499450683594
2018-06-29,1717.0,1723.4100341796875,1694.3199462890625,1699.800048828125,1699.800048828125,4543500,AMZN,2018-06-29,99.91883,83.55999755859376,0.0,1616.2400512695312
2018-07-02,1682.699951171875,1713.8900146484375,1678.06005859375,1713.780029296875,1713.780029296875,3185700,AMZN,2018-07-02,42.05132,34.599998474121094,0.0,1679.180030822754
2018-07-03,1723.9599609375,1725.0,1692.47998046875,1693.9599609375,1693.9599609375,2177300,AMZN,2018-07-03,13.091551,4.9166669845581055,0.0,1689.043293952942
2018-07-05,1705.3800048828125,1710.68994140625,1682.1500244140625,1699.72998046875,1699.72998046875,2983100,AMZN,2018-07-05,41.999115,40.369998931884766,0.0,1659.3599815368652
2018-07-06,1696.0,1715.27001953125,1691.6700439453125,1710.6300048828125,1710.6300048828125,2650300,AMZN,2018-07-06,777.8865,808.3300170898438,0.0,902.2999877929688
2018-07-09,1724.050048828125,1739.56005859375,1716.22998046875,1739.02001953125,1739.02001953125,3012000,AMZN,2018-07-09,607.34985,632.989990234375,0.0,1106.030029296875
2018-07-10,1738.530029296875,1750.0,1731.0,1743.0699462890625,1743.0699462890625,3002900,AMZN,2018-07-10,91.28446,93.75,0.0,1649.3199462890625
2018-07-11,1737.989990234375,1756.9599609375,1734.0,1755.0,1755.0,3209800,AMZN,2018-07-11,1775.1135,1752.530029296875,-2.469970703125,0.0
2018-07-12,1764.510009765625,1798.0,1762.1800537109375,1796.6199951171875,1796.6199951171875,4532700,AMZN,2018-07-12,822.80176,760.1599731445312,0.0,1036.4600219726562
2018-07-13,1803.9300537109375,1815.300048828125,1795.22998046875,1813.030029296875,1813.030029296875,4383200,AMZN,2018-07-13,187.55063,192.3300018310547,0.0,1620.7000274658203
2018-07-16,1821.949951171875,1841.949951171875,1814.449951171875,1822.489990234375,1822.489990234375,5466200,AMZN,2018-07-16,23.449339,17.559999465942383,0.0,1804.9299907684326
2018-07-17,1811.56005859375,1851.68994140625,1797.3800048828125,1843.9300537109375,1843.9300537109375,5682900,AMZN,2018-07-17,81.8156,80.0800018310547,0.0,1763.8500518798828
2018-07-18,1848.0,1858.8800048828125,1831.27001953125,1842.9200439453125,1842.9200439453125,4861900,AMZN,2018-07-18,48.59655,36.43000030517578,0.0,1806.4900436401367
2018-07-19,1829.4599609375,1841.0,1811.27001953125,1812.969970703125,1812.969970703125,4676900,AMZN,2018-07-19,51.94632,46.68000030517578,0.0,1766.2899703979492
2018-07-20,1825.010009765625,1834.8399658203125,1810.06005859375,1813.699951171875,1813.699951171875,3884400,AMZN,2018-07-20,19.763918,10.199999809265137,0.0,1803.4999513626099
2018-07-23,1812.2099609375,1819.0,1769.989990234375,1802.0,1802.0,3888500,AMZN,2018-07-23,227.05899,195.92999267578125,0.0,1606.0700073242188
2018-07-24,1829.010009765625,1840.0,1809.3800048828125,1829.239990234375,1829.239990234375,4278700,AMZN,2018-07-24,67.282715,48.4375,0.0,1780.802490234375
2018-07-25,1829.300048828125,1863.8399658203125,1822.6400146484375,1863.6099853515625,1863.6099853515625,3738200,AMZN,2018-07-25,646.2067,671.1500244140625,0.0,1192.4599609375
2018-07-26,1839.0,1844.6800537109375,1804.5,1808.0,1808.0,9924400,AMZN,2018-07-26,32.36797,17.375,0.0,1790.625
2018-07-27,1876.050048828125,1880.050048828125,1806.530029296875,1817.27001953125,1817.27001953125,9681000,AMZN,2018-07-27,717.7457,727.6500244140625,0.0,1089.6199951171875
2018-07-30,1827.3299560546875,1829.5,1766.02001953125,1779.219970703125,1779.219970703125,6562300,AMZN,2018-07-30,155.77919,160.8699951171875,0.0,1618.3499755859375
2018-07-31,1786.489990234375,1801.8299560546875,1739.3199462890625,1777.43994140625,1777.43994140625,5738700,AMZN,2018-07-31,51.064106,60.81999969482423,0.0,1716.6199417114258
2018-08-01,1784.0,1798.43994140625,1776.02001953125,1797.1700439453125,1797.1700439453125,4153100,AMZN,2018-08-01,124.56469,125.88999938964844,0.0,1671.280044555664
2018-08-02,1788.77001953125,1836.56005859375,1786.0,1834.3299560546875,1834.3299560546875,4354700,AMZN,2018-08-02,26.383131,15.43000030517578,0.0,1818.8999557495117
2018-08-03,1837.739990234375,1841.0,1821.5,1823.2900390625,1823.2900390625,3460500,AMZN,2018-08-03,41.440483,30.790000915527344,0.0,1792.5000381469727
2018-08-06,1825.81005859375,1847.77001953125,1818.9200439453125,1847.75,1847.75,3391800,AMZN,2018-08-06,70.36842,52.4375,0.0,1795.3125
2018-08-07,1854.530029296875,1869.719970703125,1846.27001953125,1862.47998046875,1862.47998046875,3377500,AMZN,2018-08-07,45.35932,33.38999938964844,0.0,1829.0899810791016
2018-08-08,1861.0,1891.510009765625,1854.5,1886.52001953125,1886.52001953125,3963000,AMZN,2018-08-08,30.478771,21.799999237060547,0.0,1864.7200202941895
2018-08-09,1882.0,1914.5699462890625,1877.47998046875,1898.52001953125,1898.52001953125,4860400,AMZN,2018-08-09,25.970575,18.299999237060547,0.0,1880.2200202941895
2018-08-10,1888.510009765625,1899.5,1878.2099609375,1886.300048828125,1886.300048828125,3639900,AMZN,2018-08-10,14.945689,7.260000228881836,0.0,1879.0400485992432
2018-08-13,1898.5,1925.0,1893.6700439453125,1896.199951171875,1896.199951171875,5531500,AMZN,2018-08-13,43.047523,42.599998474121094,0.0,1853.599952697754
2018-08-14,1919.3900146484375,1921.010009765625,1900.0,1919.6500244140625,1919.6500244140625,3986100,AMZN,2018-08-14,25.157875,21.416667938232425,0.0,1898.23335647583
2018-08-15,1909.550048828125,1916.2099609375,1869.7900390625,1882.6199951171875,1882.6199951171875,7700700,AMZN,2018-08-15,51.215046,40.0099983215332,0.0,1842.6099967956543
2018-08-16,1903.93994140625,1905.0,1883.550048828125,1886.52001953125,1886.52001953125,3957100,AMZN,2018-08-16,924.707,924.9899902343749,0.0,961.5300292968751
2018-08-17,1885.800048828125,1888.0,1855.550048828125,1882.219970703125,1882.219970703125,4104300,AMZN,2018-08-17,972.0641,980.7899780273436,0.0,901.4299926757814
2018-08-20,1890.5699462890625,1891.75,1866.06005859375,1876.7099609375,1876.7099609375,2862000,AMZN,2018-08-20,1522.9257,1544.9300537109375,0.0,331.7799072265625
2018-08-21,1880.0,1897.75,1874.4100341796875,1883.4200439453125,1883.4200439453125,3105600,AMZN,2018-08-21,101.49365,78.51000213623047,0.0,1804.910041809082
2018-08-22,1876.6400146484375,1905.800048828125,1876.6400146484375,1904.9000244140625,1904.9000244140625,3080500,AMZN,2018-08-22,67.16547,60.65625000000001,0.0,1844.2437744140625
2018-08-23,1907.1700439453125,1919.5,1900.760009765625,1902.9000244140625,1902.9000244140625,3563000,AMZN,2018-08-23,79.18881,91.43750000000001,0.0,1811.4625244140625
2018-08-24,1910.510009765625,1916.010009765625,1902.5400390625,1905.3900146484375,1905.3900146484375,2800900,AMZN,2018-08-24,323.73633,335.1300048828125,0.0,1570.260009765625
2018-08-27,1915.0,1927.699951171875,1909.280029296875,1927.6800537109375,1927.6800537109375,3569000,AMZN,2018-08-27,1806.7906,1796.93994140625,0.0,130.7401123046875
2018-08-28,1937.72998046875,1941.780029296875,1928.8199462890625,1932.8199462890625,1932.8199462890625,3100700,AMZN,2018-08-28,42.135956,37.459999084472656,0.0,1895.3599472045898
2018-08-29,1953.449951171875,1998.68994140625,1948.93994140625,1998.0999755859375,1998.0999755859375,6531800,AMZN,2018-08-29,189.02318,219.52999877929688,0.0,1778.5699768066406
2018-08-30,1997.4200439453125,2025.5699462890625,1986.9000244140625,2002.3800048828125,2002.3800048828125,7277300,AMZN,2018-08-30,81.42866,80.0999984741211,0.0,1922.2800064086914
2018-08-31,2007.0,2022.3800048828125,2004.739990234375,2012.7099609375,2012.7099609375,4204400,AMZN,2018-08-31,336.80005,305.9700012207031,0.0,1706.7399597167969
2018-09-04,2026.5,2050.5,2013.0,2039.510009765625,2039.510009765625,5721100,AMZN,2018-09-04,1863.7565,1884.5799560546875,0.0,154.9300537109375
2018-09-05,2038.1099853515625,2040.3800048828125,1989.8900146484375,1994.8199462890625,1994.8199462890625,8220600,AMZN,2018-09-05,957.14594,982.9099731445312,0.0,1011.9099731445312
2018-09-06,2006.510009765625,2007.5,1935.2099609375,1958.31005859375,1958.31005859375,7488700,AMZN,2018-09-06,42.426292,38.75,0.0,1919.56005859375
2018-09-07,1938.7099609375,1975.199951171875,1937.3499755859375,1952.0699462890625,1952.0699462890625,4892600,AMZN,2018-09-07,271.59546,271.8999938964844,0.0,1680.1699523925781
2018-09-10,1971.0,1973.0400390625,1931.52001953125,1939.010009765625,1939.010009765625,4544800,AMZN,2018-09-10,199.12903,239.3000030517578,0.0,1699.7100067138672
2018-09-11,1928.27001953125,1988.8800048828125,1917.0,1987.1500244140625,1987.1500244140625,5033600,AMZN,2018-09-11,55.871574,49.5,0.0,1937.6500244140625
2018-09-12,1994.0,2000.0,1962.43994140625,1990.0,1990.0,4414000,AMZN,2018-09-12,26.458931,17.6484375,0.0,1972.3515625
2018-09-13,2000.0,2008.760009765625,1982.030029296875,1989.8699951171875,1989.8699951171875,3621500,AMZN,2018-09-13,1523.0504,1495.56005859375,0.0,494.3099365234375
2018-09-14,1992.9300537109375,1993.6500244140625,1959.219970703125,1970.18994140625,1970.18994140625,3642000,AMZN,2018-09-14,19.875591,16.200000762939453,0.0,1953.9899406433105
2018-09-17,1954.72998046875,1956.8199462890625,1887.4100341796875,1908.030029296875,1908.030029296875,7050200,AMZN,2018-09-17,64.810425,55.65624999999999,0.0,1852.373779296875
2018-09-18,1918.6500244140625,1958.199951171875,1915.43994140625,1941.050048828125,1941.050048828125,4268700,AMZN,2018-09-18,318.6197,381.8299865722656,0.0,1559.2200622558594
2018-09-19,1940.5,1940.8299560546875,1904.9000244140625,1926.4200439453125,1926.4200439453125,4056800,AMZN,2018-09-19,1719.805,1710.6300048828125,0.0,215.7900390625
2018-09-20,1938.5799560546875,1955.0,1932.25,1944.300048828125,1944.300048828125,3154900,AMZN,2018-09-20,228.23961,229.7100067138672,0.0,1714.5900421142578
2018-09-21,1954.219970703125,1957.31005859375,1910.5,1915.010009765625,1915.010009765625,6855900,AMZN,2018-09-21,86.976425,82.6500015258789,0.0,1832.360008239746
2018-09-24,1903.7900390625,1936.8800048828125,1865.0,1934.3599853515625,1934.3599853515625,4213700,AMZN,2018-09-24,101.22723,95.20999908447266,0.0,1839.1499862670898
2018-09-25,1942.9000244140625,1975.9100341796875,1938.8499755859375,1974.550048828125,1974.550048828125,4538400,AMZN,2018-09-25,383.1312,375.55999755859375,0.0,1598.9900512695312
2018-09-26,1968.5,1995.25,1961.52001953125,1974.8499755859375,1974.8499755859375,4313500,AMZN,2018-09-26,385.50125,382.3599853515625,0.0,1592.489990234375
2018-09-27,1993.239990234375,2016.1600341796875,1988.5799560546875,2012.97998046875,2012.97998046875,4329400,AMZN,2018-09-27,86.759384,84.9300003051758,0.0,1928.0499801635742
2018-09-28,2004.4100341796875,2026.52001953125,1996.4599609375,2003.0,2003.0,4085100,AMZN,2018-09-28,22.641874,19.469999313354492,0.0,1983.5300006866455
2018-10-01,2021.989990234375,2033.18994140625,2003.5999755859375,2004.3599853515625,2004.3599853515625,3460500,AMZN,2018-10-01,14.5241375,9.5600004196167,0.0,1994.7999849319458
2018-10-02,1999.989990234375,2013.3900146484375,1965.77001953125,1971.31005859375,1971.31005859375,5400700,AMZN,2018-10-02,395.45364,401.010009765625,0.0,1570.300048828125
2018-10-03,1981.699951171875,1989.699951171875,1949.81005859375,1952.760009765625,1952.760009765625,5253100,AMZN,2018-10-03,129.59196,130.0,0.0,1822.760009765625
2018-10-04,1949.0,1956.0,1896.5699462890625,1909.4200439453125,1909.4200439453125,7257000,AMZN,2018-10-04,347.58395,303.8299865722656,0.0,1605.5900573730469
2018-10-05,1917.989990234375,1929.0799560546875,1862.8299560546875,1889.6500244140625,1889.6500244140625,6822300,AMZN,2018-10-05,35.532658,31.57999992370605,0.0,1858.0700244903564
2018-10-08,1874.0,1902.0,1830.6600341796875,1864.4200439453125,1864.4200439453125,7393200,AMZN,2018-10-08,51.13159,46.58000183105469,0.0,1817.8400421142578
2018-10-09,1859.989990234375,1896.6800537109375,1852.3199462890625,1870.3199462890625,1870.3199462890625,4772900,AMZN,2018-10-09,143.24362,122.74999999999999,0.0,1747.5699462890625
2018-10-10,1857.8900146484375,1858.56005859375,1754.4100341796875,1755.25,1755.25,10988900,AMZN,2018-10-10,1912.0629,1907.5699462890625,152.3199462890625,0.0
2018-10-11,1724.0,1755.4000244140625,1685.0999755859375,1719.3599853515625,1719.3599853515625,13935900,AMZN,2018-10-11,66.21879,51.875,0.0,1667.4849853515625
2018-10-12,1808.0,1808.949951171875,1742.530029296875,1788.6099853515625,1788.6099853515625,9444600,AMZN,2018-10-12,821.21216,853.0800170898438,0.0,935.5299682617188
2018-10-15,1795.0,1795.050048828125,1734.22998046875,1760.949951171875,1760.949951171875,6437200,AMZN,2018-10-15,44.0725,59.15625000000001,0.0,1701.793701171875
2018-10-16,1783.5,1823.8800048828125,1761.550048828125,1819.9599609375,1819.9599609375,5859900,AMZN,2018-10-16,265.94653,244.17999267578125,0.0,1575.7799682617188
2018-10-17,1842.7900390625,1845.0,1807.0,1831.72998046875,1831.72998046875,5295200,AMZN,2018-10-17,94.89577,84.47000122070314,0.0,1747.2599792480469
2018-10-18,1821.489990234375,1830.1500244140625,1767.8699951171875,1770.719970703125,1770.719970703125,5874000,AMZN,2018-10-18,1159.7274,1186.0999755859375,0.0,584.6199951171875
2018-10-19,1785.1600341796875,1809.0999755859375,1753.0,1764.030029296875,1764.030029296875,5907200,AMZN,2018-10-19,3249.3313,3110.8701171875,1346.840087890625,0.0
2018-10-22,1784.0,1809.5,1756.0,1789.300048828125,1789.300048828125,4500000,AMZN,2018-10-22,384.35574,338.2900085449219,0.0,1451.0100402832031
2018-10-23,1742.239990234375,1776.3399658203125,1714.0,1768.699951171875,1768.699951171875,6723900,AMZN,2018-10-23,2788.0154,3099.909912109375,1331.2099609375,0.0
2018-10-24,1773.699951171875,1777.7099609375,1656.56005859375,1664.199951171875,1664.199951171875,6928400,AMZN,2018-10-24,730.5562,710.5999755859375,0.0,953.5999755859375
2018-10-25,1703.3399658203125,1794.81005859375,1692.010009765625,1782.1700439453125,1782.1700439453125,10285700,AMZN,2018-10-25,75.72317,55.46875,0.0,1726.7012939453125
2018-10-26,1649.5899658203125,1698.4599609375,1603.0,1642.81005859375,1642.81005859375,14963800,AMZN,2018-10-26,41.26011,38.77000045776367,0.0,1604.0400581359863
2018-10-29,1660.0,1665.739990234375,1495.0,1538.8800048828125,1538.8800048828125,13866100,AMZN,2018-10-29,80.77384,79.1999969482422,0.0,1459.6800079345703
2018-10-30,1486.1600341796875,1540.989990234375,1476.3599853515625,1530.4200439453125,1530.4200439453125,12460100,AMZN,2018-10-30,48.499973,39.83000183105469,0.0,1490.5900421142578
2018-10-31,1569.989990234375,1623.9100341796875,1565.0899658203125,1598.010009765625,1598.010009765625,9390200,AMZN,2018-10-31,128.95206,132.94000244140625,0.0,1465.0700073242188
2018-11-01,1623.530029296875,1670.449951171875,1598.43994140625,1665.530029296875,1665.530029296875,8135500,AMZN,2018-11-01,51.23448,52.25,0.0,1613.280029296875
2018-11-02,1678.5899658203125,1697.43994140625,1651.8299560546875,1665.530029296875,1665.530029296875,6955500,AMZN,2018-11-02,46.231094,38.95000076293945,0.0,1626.5800285339355
2018-11-05,1657.5699462890625,1658.0899658203125,1596.3599853515625,1627.800048828125,1627.800048828125,5624700,AMZN,2018-11-05,48.294483,49.70000076293945,0.0,1578.1000480651855
2018-11-06,1618.3499755859375,1665.0,1614.550048828125,1642.81005859375,1642.81005859375,4257400,AMZN,2018-11-06,31.959908,26.3799991607666,0.0,1616.4300594329834
2018-11-07,1673.0,1759.22998046875,1664.0799560546875,1755.489990234375,1755.489990234375,8192200,AMZN,2018-11-07,41.68537,33.0,0.0,1722.489990234375
2018-11-08,1755.0,1784.0,1725.1099853515625,1754.9100341796875,1754.9100341796875,6534900,AMZN,2018-11-08,68.54537,55.1875,0.0,1699.7225341796875
2018-11-09,1732.5,1743.9200439453125,1701.8699951171875,1712.4300537109375,1712.4300537109375,5902200,AMZN,2018-11-09,678.4134,658.6400146484375,0.0,1053.7900390625
2018-11-12,1698.239990234375,1708.550048828125,1630.010009765625,1636.8499755859375,1636.8499755859375,6806200,AMZN,2018-11-12,102.67078,129.91000366210938,0.0,1506.9399719238281
2018-11-13,1649.2900390625,1677.06005859375,1613.75,1631.1700439453125,1631.1700439453125,5933300,AMZN,2018-11-13,46.671688,40.2400016784668,0.0,1590.9300422668457
2018-11-14,1656.3199462890625,1673.0,1597.0699462890625,1599.010009765625,1599.010009765625,6486900,AMZN,2018-11-14,1161.437,1179.1400146484375,0.0,419.8699951171875
2018-11-15,1581.010009765625,1624.8199462890625,1546.510009765625,1619.43994140625,1619.43994140625,8427300,AMZN,2018-11-15,380.41733,387.7799987792969,0.0,1231.6599426269531
2018-11-16,1587.5,1614.47998046875,1573.1199951171875,1593.4100341796875,1593.4100341796875,6066100,AMZN,2018-11-16,49.608875,48.2599983215332,0.0,1545.1500358581543
2018-11-19,1577.010009765625,1581.18994140625,1503.3599853515625,1512.2900390625,1512.2900390625,7790000,AMZN,2018-11-19,84.23481,72.61000061035156,0.0,1439.6800384521484
2018-11-20,1437.5,1534.75,1420.0,1495.4599609375,1495.4599609375,10878800,AMZN,2018-11-20,195.40872,194.80999755859375,0.0,1300.6499633789062
2018-11-21,1542.989990234375,1550.0,1515.0,1516.72998046875,1516.72998046875,5716800,AMZN,2018-11-21,10.558217,4.1666669845581055,0.0,1512.563313484192
2018-11-23,1517.0,1536.199951171875,1501.81005859375,1502.06005859375,1502.06005859375,2707600,AMZN,2018-11-23,209.14981,198.6499938964844,0.0,1303.4100646972656
2018-11-26,1539.0,1584.81005859375,1524.219970703125,1581.3299560546875,1581.3299560546875,6257700,AMZN,2018-11-26,48.91011,45.5,0.0,1535.8299560546875
2018-11-27,1575.989990234375,1597.6500244140625,1558.010009765625,1581.4200439453125,1581.4200439453125,5783200,AMZN,2018-11-27,1611.7756,1695.75,114.3299560546875,0.0
2018-11-28,1613.9200439453125,1681.449951171875,1601.219970703125,1677.75,1677.75,8458700,AMZN,2018-11-28,43.739685,34.27000045776367,0.0,1643.4799995422363
2018-11-29,1674.989990234375,1689.989990234375,1652.3299560546875,1673.5699462890625,1673.5699462890625,6613200,AMZN,2018-11-29,116.30601,117.12999725341794,0.0,1556.4399490356445
2018-11-30,1679.5,1696.0,1666.5,1690.1700439453125,1690.1700439453125,5761800,AMZN,2018-11-30,89.14068,81.47000122070314,0.0,1608.7000427246094
2018-12-03,1769.4599609375,1778.3399658203125,1730.0,1772.3599853515625,1772.3599853515625,6862300,AMZN,2018-12-03,44.004246,35.59000015258789,0.0,1736.7699851989746
2018-12-04,1756.0,1770.3399658203125,1665.0,1668.4000244140625,1668.4000244140625,8694500,AMZN,2018-12-04,3213.4497,3372.199951171875,1703.7999267578125,0.0
2018-12-06,1614.8699951171875,1701.050048828125,1609.8499755859375,1699.18994140625,1699.18994140625,8789400,AMZN,2018-12-06,68.88381,92.3125,0.0,1606.87744140625
2018-12-07,1705.0699462890625,1718.9300537109375,1625.4599609375,1629.1300048828125,1629.1300048828125,7576100,AMZN,2018-12-07,607.1236,606.5700073242188,0.0,1022.5599975585938
2018-12-10,1623.8399658203125,1657.989990234375,1590.8699951171875,1641.030029296875,1641.030029296875,7494800,AMZN,2018-12-10,24.71715,21.635417938232425,0.0,1619.3946113586426
2018-12-11,1678.0,1679.469970703125,1619.5999755859375,1643.239990234375,1643.239990234375,6244700,AMZN,2018-12-11,272.8209,273.989990234375,0.0,1369.25
2018-12-12,1669.0,1704.989990234375,1660.27001953125,1663.5400390625,1663.5400390625,6598000,AMZN,2018-12-12,3055.609,3164.679931640625,1501.139892578125,0.0
2018-12-13,1680.0,1692.1199951171875,1641.5,1658.3800048828125,1658.3800048828125,5271300,AMZN,2018-12-13,24.096186,17.1299991607666,0.0,1641.250005722046
2018-12-14,1638.0,1642.5699462890625,1585.0,1591.9100341796875,1591.9100341796875,6367200,AMZN,2018-12-14,141.84776,128.47999572753906,0.0,1463.4300384521484
2018-12-17,1566.0,1576.1300048828125,1505.010009765625,1520.9100341796875,1520.9100341796875,8829800,AMZN,2018-12-17,50.531563,49.25,0.0,1471.6600341796875
2018-12-18,1540.0,1567.550048828125,1523.010009765625,1551.47998046875,1551.47998046875,6523000,AMZN,2018-12-18,44.739464,34.18000030517578,0.0,1517.2999801635742
2018-12-19,1543.050048828125,1584.530029296875,1483.1800537109375,1495.0799560546875,1495.0799560546875,8792200,AMZN,2018-12-19,136.05579,121.44999694824222,0.0,1373.6299591064453
2018-12-20,1484.0,1509.5,1432.68994140625,1460.8299560546875,1460.8299560546875,9991800,AMZN,2018-12-20,153.12363,121.43000030517578,0.0,1339.3999557495117
2018-12-21,1464.989990234375,1480.0,1363.9599609375,1377.449951171875,1377.449951171875,13640300,AMZN,2018-12-21,432.8142,432.9700012207031,0.0,944.4799499511719
2018-12-24,1346.0,1396.030029296875,1307.0,1343.9599609375,1343.9599609375,7220000,AMZN,2018-12-24,3255.0032,3195.340087890625,1851.380126953125,0.0
2018-12-26,1368.8900146484375,1473.1600341796875,1363.010009765625,1470.9000244140625,1470.9000244140625,10411800,AMZN,2018-12-26,443.43558,440.1000061035156,0.0,1030.8000183105469
2018-12-27,1454.199951171875,1469.0,1390.31005859375,1461.6400146484375,1461.6400146484375,9722000,AMZN,2018-12-27,140.29088,135.77000427246094,0.0,1325.8700103759766
2018-12-28,1473.3499755859375,1513.469970703125,1449.0,1478.02001953125,1478.02001953125,8829000,AMZN,2018-12-28,192.89178,165.0800018310547,0.0,1312.9400177001953
2018-12-31,1510.800048828125,1520.760009765625,1487.0,1501.969970703125,1501.969970703125,6954500,AMZN,2018-12-31,271.8903,252.55000305175784,0.0,1249.4199676513672
2019-01-02,1465.199951171875,1553.3599853515625,1460.9300537109375,1539.1300048828125,1539.1300048828125,7983100,AMZN,2019-01-02,59.68182,61.09375,0.0,1478.0362548828125
2019-01-03,1520.010009765625,1538.0,1497.1099853515625,1500.280029296875,1500.280029296875,6975600,AMZN,2019-01-03,30.271097,24.709999084472656,0.0,1475.5700302124023
2019-01-04,1530.0,1594.0,1518.31005859375,1575.3900146484375,1575.3900146484375,9182600,AMZN,2019-01-04,1796.1199,1631.1700439453125,55.780029296875,0.0
2019-01-07,1602.31005859375,1634.56005859375,1589.18994140625,1629.510009765625,1629.510009765625,7993200,AMZN,2019-01-07,216.0549,216.52000427246097,0.0,1412.990005493164
2019-01-08,1664.68994140625,1676.6099853515625,1616.6099853515625,1656.5799560546875,1656.5799560546875,8881400,AMZN,2019-01-08,339.80426,358.6099853515625,0.0,1297.969970703125
2019-01-09,1652.97998046875,1667.800048828125,1641.4000244140625,1659.4200439453125,1659.4200439453125,6348800,AMZN,2019-01-09,986.4793,1038.949951171875,0.0,620.4700927734375
2019-01-10,1641.010009765625,1663.25,1621.6199951171875,1656.219970703125,1656.219970703125,6507700,AMZN,2019-01-10,179.72694,170.97999572753906,0.0,1485.239974975586
2019-01-11,1640.550048828125,1660.2900390625,1636.219970703125,1640.56005859375,1640.56005859375,4686200,AMZN,2019-01-11,85.495995,87.44000244140625,0.0,1553.1200561523438
2019-01-14,1615.0,1648.199951171875,1595.1500244140625,1617.2099609375,1617.2099609375,6005900,AMZN,2019-01-14,46.852585,38.939998626708984,0.0,1578.269962310791
2019-01-15,1632.0,1675.1600341796875,1626.010009765625,1674.56005859375,1674.56005859375,5998500,AMZN,2019-01-15,220.71854,225.61000061035153,0.0,1448.9500579833984
2019-01-16,1684.219970703125,1705.0,1675.8800048828125,1683.780029296875,1683.780029296875,6366900,AMZN,2019-01-16,38.548374,54.16666793823242,0.0,1629.6133613586426
2019-01-17,1680.0,1700.1700439453125,1677.5,1693.219970703125,1693.219970703125,4208900,AMZN,2019-01-17,319.605,312.0400085449219,0.0,1381.1799621582031
2019-01-18,1712.0,1716.199951171875,1691.5400390625,1696.199951171875,1696.199951171875,6020500,AMZN,2019-01-18,45.98855,53.72916793823242,0.0,1642.4707832336426
2019-01-22,1681.0,1681.8699951171875,1610.199951171875,1632.1700439453125,1632.1700439453125,6416800,AMZN,2019-01-22,10.6950865,4.0416669845581055,0.0,1628.1283769607544
2019-01-23,1656.0,1657.4300537109375,1612.0,1640.02001953125,1640.02001953125,5225200,AMZN,2019-01-23,55.07103,35.88999938964844,0.0,1604.1300201416016
2019-01-24,1641.0699462890625,1657.260009765625,1631.780029296875,1654.9300537109375,1654.9300537109375,4089900,AMZN,2019-01-24,300.58438,373.8900146484375,0.0,1281.0400390625
2019-01-25,1670.5,1683.47998046875,1661.6099853515625,1670.5699462890625,1670.5699462890625,4945900,AMZN,2019-01-25,706.4462,715.239990234375,0.0,955.3299560546875
2019-01-28,1643.5899658203125,1645.0,1614.0899658203125,1637.8900146484375,1637.8900146484375,4837700,AMZN,2019-01-28,56.080402,37.119998931884766,0.0,1600.7700157165527
2019-01-29,1631.27001953125,1632.3800048828125,1590.719970703125,1593.8800048828125,1593.8800048828125,4632800,AMZN,2019-01-29,65.48468,62.03125000000001,0.0,1531.8487548828125
2019-01-30,1623.0,1676.949951171875,1619.6800537109375,1670.4300537109375,1670.4300537109375,5783800,AMZN,2019-01-30,493.23044,522.6199951171875,0.0,1147.81005859375
2019-01-31,1692.8499755859375,1736.4100341796875,1679.0799560546875,1718.72998046875,1718.72998046875,10910300,AMZN,2019-01-31,10.648534,2.375,0.0,1716.35498046875
2019-02-01,1638.8800048828125,1673.06005859375,1622.010009765625,1626.22998046875,1626.22998046875,11506200,AMZN,2019-02-01,352.66806,392.2999877929687,0.0,1233.9299926757812
2019-02-04,1623.0,1649.6300048828125,1613.5,1633.31005859375,1633.31005859375,4929100,AMZN,2019-02-04,46.159714,46.31999969482422,0.0,1586.9900588989258
2019-02-05,1643.3399658203125,1665.260009765625,1642.5,1658.81005859375,1658.81005859375,4453100,AMZN,2019-02-05,100.218216,77.48999786376953,0.0,1581.3200607299805
2019-02-06,1670.75,1672.260009765625,1633.3399658203125,1640.260009765625,1640.260009765625,3939900,AMZN,2019-02-06,49.746532,36.13999938964844,0.0,1604.1200103759766
2019-02-07,1625.0,1625.5400390625,1592.9100341796875,1614.3699951171875,1614.3699951171875,4626600,AMZN,2019-02-07,964.98364,1003.0000000000001,0.0,611.3699951171874
2019-02-08,1586.0,1588.5899658203125,1566.760009765625,1588.219970703125,1588.219970703125,5657500,AMZN,2019-02-08,735.333,722.0800170898438,0.0,866.1399536132812
2019-02-11,1600.97998046875,1609.2900390625,1586.0,1591.0,1591.0,3317300,AMZN,2019-02-11,205.6272,186.2899932861328,0.0,1404.7100067138672
2019-02-12,1604.0,1639.4000244140625,1598.8800048828125,1638.010009765625,1638.010009765625,4858600,AMZN,2019-02-12,42.378006,38.61000061035156,0.0,1599.4000091552734
2019-02-13,1647.0,1656.3800048828125,1637.1099853515625,1640.0,1640.0,3560300,AMZN,2019-02-13,576.8486,490.4800109863281,0.0,1149.5199890136719
2019-02-14,1624.5,1637.9000244140625,1606.06005859375,1622.6500244140625,1622.6500244140625,4120500,AMZN,2019-02-14,12.165941,4.3020830154418945,0.0,1618.3479413986206
2019-02-15,1627.8599853515625,1628.9100341796875,1604.5,1607.949951171875,1607.949951171875,4343900,AMZN,2019-02-15,998.351,1110.8499755859375,0.0,497.0999755859375
2019-02-19,1601.0,1634.0,1600.56005859375,1627.5799560546875,1627.5799560546875,3681700,AMZN,2019-02-19,767.8063,836.52001953125,0.0,791.0599365234375
2019-02-20,1630.0,1634.9300537109375,1610.1199951171875,1622.0999755859375,1622.0999755859375,3337600,AMZN,2019-02-20,66.461,62.81250000000001,0.0,1559.2874755859375
2019-02-21,1619.8499755859375,1623.56005859375,1600.9100341796875,1619.43994140625,1619.43994140625,3483400,AMZN,2019-02-21,2778.7808,3138.2900390625,1518.85009765625,0.0
2019-02-22,1623.5,1634.93994140625,1621.1700439453125,1631.56005859375,1631.56005859375,3096200,AMZN,2019-02-22,1521.5262,1587.280029296875,0.0,44.280029296875
2019-02-25,1641.449951171875,1654.5999755859375,1630.3900146484375,1633.0,1633.0,3184500,AMZN,2019-02-25,812.33734,822.9600219726562,0.0,810.0399780273438
2019-02-26,1625.97998046875,1639.989990234375,1616.1300048828125,1636.4000244140625,1636.4000244140625,2665800,AMZN,2019-02-26,314.63535,333.57000732421875,0.0,1302.8300170898438
2019-02-27,1628.1800537109375,1641.81005859375,1615.0999755859375,1641.0899658203125,1641.0899658203125,3148800,AMZN,2019-02-27,2005.6147,1664.199951171875,23.1099853515625,0.0
2019-02-28,1635.25,1651.77001953125,1633.8299560546875,1639.8299560546875,1639.8299560546875,3025900,AMZN,2019-02-28,12.788748,4.953125,0.0,1634.8768310546875
2019-03-01,1655.1300048828125,1674.260009765625,1651.0,1671.72998046875,1671.72998046875,4974900,AMZN,2019-03-01,303.99295,280.9800109863281,0.0,1390.7499694824219
2019-03-04,1685.0,1709.4300537109375,1674.3599853515625,1696.1700439453125,1696.1700439453125,6167400,AMZN,2019-03-04,399.4487,347.3800048828125,0.0,1348.7900390625
2019-03-05,1702.949951171875,1707.800048828125,1689.010009765625,1692.4300537109375,1692.4300537109375,3681500,AMZN,2019-03-05,171.63261,180.47999572753903,0.0,1511.9500579833984
2019-03-06,1695.969970703125,1697.75,1668.280029296875,1668.949951171875,1668.949951171875,3996000,AMZN,2019-03-06,236.3187,223.0399932861328,0.0,1445.9099578857422
2019-03-07,1667.3699951171875,1669.75,1620.510009765625,1625.949951171875,1625.949951171875,4957000,AMZN,2019-03-07,102.96872,78.59999847412111,0.0,1547.349952697754
2019-03-08,1604.010009765625,1622.719970703125,1586.5699462890625,1620.800048828125,1620.800048828125,4667000,AMZN,2019-03-08,1967.6835,2363.489990234375,742.68994140625,0.0
2019-03-11,1626.1199951171875,1672.2900390625,1626.010009765625,1670.6199951171875,1670.6199951171875,3876400,AMZN,2019-03-11,775.5933,774.3400268554688,0.0,896.2799682617188
2019-03-12,1669.0,1684.27001953125,1660.97998046875,1673.0999755859375,1673.0999755859375,3614500,AMZN,2019-03-12,824.0128,787.75,0.0,885.3499755859375
2019-03-13,1683.0,1700.0,1679.3499755859375,1690.81005859375,1690.81005859375,3552000,AMZN,2019-03-13,254.79492,261.67999267578125,0.0,1429.1300659179688
2019-03-14,1691.199951171875,1702.0,1684.3399658203125,1686.219970703125,1686.219970703125,2946600,AMZN,2019-03-14,24.794712,15.010000228881834,0.0,1671.2099704742432
2019-03-15,1703.0,1718.800048828125,1693.1300048828125,1712.3599853515625,1712.3599853515625,7550900,AMZN,2019-03-15,41.882915,35.59000015258789,0.0,1676.7699851989746
2019-03-18,1712.699951171875,1750.0,1712.6300048828125,1742.1500244140625,1742.1500244140625,5429100,AMZN,2019-03-18,20.358267,12.600000381469728,0.0,1729.5500240325928
2019-03-19,1753.510009765625,1784.1600341796875,1753.510009765625,1761.8499755859375,1761.8499755859375,6364200,AMZN,2019-03-19,25.020847,11.899999618530272,0.0,1749.9499759674072
2019-03-20,1769.93994140625,1799.5,1767.030029296875,1797.27001953125,1797.27001953125,6265600,AMZN,2019-03-20,55.24606,38.91999816894531,0.0,1758.3500213623047
2019-03-21,1796.260009765625,1823.75,1787.280029296875,1819.260009765625,1819.260009765625,5767800,AMZN,2019-03-21,1990.0376,1979.5899658203125,160.3299560546875,0.0
2019-03-22,1810.1700439453125,1818.97998046875,1763.1099853515625,1764.77001953125,1764.77001953125,6363000,AMZN,2019-03-22,104.2992,126.66999816894531,0.0,1638.1000213623047
2019-03-25,1757.7900390625,1782.6800537109375,1747.5,1774.260009765625,1774.260009765625,5103800,AMZN,2019-03-25,960.3845,1006.72998046875,0.0,767.530029296875
2019-03-26,1793.0,1805.77001953125,1773.3599853515625,1783.760009765625,1783.760009765625,4865900,AMZN,2019-03-26,34.242123,30.8799991607666,0.0,1752.8800106048584
2019-03-27,1784.1300048828125,1787.5,1745.6800537109375,1765.699951171875,1765.699951171875,4324800,AMZN,2019-03-27,1171.821,1209.5899658203125,0.0,556.1099853515625
2019-03-28,1770.0,1777.9300537109375,1753.469970703125,1773.4200439453125,1773.4200439453125,3043000,AMZN,2019-03-28,199.15909,174.35000610351562,0.0,1599.0700378417969
2019-03-29,1786.5799560546875,1792.8599853515625,1776.6300048828125,1780.75,1780.75,3320800,AMZN,2019-03-29,42.931984,24.6875,0.0,1756.0625
2019-04-01,1800.1099853515625,1815.6700439453125,1798.72998046875,1814.18994140625,1814.18994140625,4238800,AMZN,2019-04-01,1892.7592,2012.7099609375,198.52001953125,0.0
2019-04-02,1811.02001953125,1820.0,1805.1199951171875,1813.97998046875,1813.97998046875,3448100,AMZN,2019-04-02,128.86374,120.06999969482422,0.0,1693.9099807739258
2019-04-03,1826.719970703125,1830.0,1809.6199951171875,1820.699951171875,1820.699951171875,3926100,AMZN,2019-04-03,19.363617,8.59000015258789,0.0,1812.109951019287
2019-04-04,1820.6500244140625,1828.75,1804.199951171875,1818.8599853515625,1818.8599853515625,3623900,AMZN,2019-04-04,10.823541,3.6875,0.0,1815.1724853515625
2019-04-05,1829.0,1838.5799560546875,1825.18994140625,1837.280029296875,1837.280029296875,3640500,AMZN,2019-04-05,223.88115,222.66000366210935,0.0,1614.6200256347656
2019-04-08,1833.22998046875,1850.199951171875,1825.1099853515625,1849.8599853515625,1849.8599853515625,3752800,AMZN,2019-04-08,86.957436,81.97000122070312,0.0,1767.8899841308594
2019-04-09,1845.489990234375,1853.0899658203125,1831.780029296875,1835.8399658203125,1835.8399658203125,3714400,AMZN,2019-04-09,605.38794,647.8099975585938,0.0,1188.0299682617188
2019-04-10,1841.0,1848.0,1828.81005859375,1847.3299560546875,1847.3299560546875,2964000,AMZN,2019-04-10,76.75466,69.34999847412111,0.0,1777.9799575805664
2019-04-11,1848.699951171875,1849.949951171875,1840.31005859375,1844.0699462890625,1844.0699462890625,2654800,AMZN,2019-04-11,1912.5586,1939.0100097656252,94.94006347656273,0.0
2019-04-12,1848.4000244140625,1851.5,1841.300048828125,1843.06005859375,1843.06005859375,3114400,AMZN,2019-04-12,354.65558,321.82000732421875,0.0,1521.2400512695312
2019-04-15,1842.0,1846.8499755859375,1818.9000244140625,1844.8699951171875,1844.8699951171875,3724400,AMZN,2019-04-15,104.015465,92.63999938964845,0.0,1752.229995727539
2019-04-16,1851.3499755859375,1869.77001953125,1848.0,1863.0400390625,1863.0400390625,3044600,AMZN,2019-04-16,18.857115,23.25,0.0,1839.7900390625
2019-04-17,1872.989990234375,1876.469970703125,1860.43994140625,1864.8199462890625,1864.8199462890625,2893500,AMZN,2019-04-17,104.32706,94.25000000000001,0.0,1770.5699462890625
2019-04-18,1868.7900390625,1870.8199462890625,1859.47998046875,1861.68994140625,1861.68994140625,2749900,AMZN,2019-04-18,68.75886,86.09375,0.0,1775.59619140625
2019-04-22,1855.4000244140625,1888.4200439453125,1845.6400146484375,1887.31005859375,1887.31005859375,3373800,AMZN,2019-04-22,56.32516,59.531250000000014,0.0,1827.77880859375
2019-04-23,1891.199951171875,1929.260009765625,1889.5799560546875,1923.77001953125,1923.77001953125,4640400,AMZN,2019-04-23,49.691196,62.250000000000014,0.0,1861.52001953125
2019-04-24,1925.0,1929.68994140625,1898.1600341796875,1901.75,1901.75,3675800,AMZN,2019-04-24,196.42105,184.32000732421875,0.0,1717.4299926757812
2019-04-25,1917.0,1922.449951171875,1900.31005859375,1902.25,1902.25,6099100,AMZN,2019-04-25,209.32051,193.6499938964844,0.0,1708.6000061035156
2019-04-26,1929.0,1951.0,1898.0,1950.6300048828125,1950.6300048828125,8432600,AMZN,2019-04-26,1531.6156,1544.9200439453125,0.0,405.7099609375
2019-04-29,1949.0,1956.3399658203125,1934.0899658203125,1938.4300537109375,1938.4300537109375,4021300,AMZN,2019-04-29,405.24832,360.8699951171875,0.0,1577.56005859375
2019-04-30,1930.0999755859375,1935.7099609375,1906.949951171875,1926.52001953125,1926.52001953125,3506000,AMZN,2019-04-30,1632.7612,1686.219970703125,0.0,240.300048828125
2019-05-01,1933.0899658203125,1943.6400146484375,1910.550048828125,1911.52001953125,1911.52001953125,3117000,AMZN,2019-05-01,138.27097,126.63999938964844,0.0,1784.8800201416016
2019-05-02,1913.3299560546875,1921.550048828125,1881.8699951171875,1900.8199462890625,1900.8199462890625,3962900,AMZN,2019-05-02,657.6387,664.7899780273438,0.0,1236.0299682617188
2019-05-03,1949.0,1964.4000244140625,1936.0,1962.4599609375,1962.4599609375,6381600,AMZN,2019-05-03,155.96481,156.27000427246094,0.0,1806.189956665039
2019-05-06,1917.97998046875,1959.0,1910.5,1950.550048828125,1950.550048828125,5417800,AMZN,2019-05-06,13.557052,8.800000190734863,0.0,1941.7500486373901
2019-05-07,1939.989990234375,1949.0999755859375,1903.3800048828125,1921.0,1921.0,5902100,AMZN,2019-05-07,229.67352,229.5299987792969,0.0,1691.4700012207031
2019-05-08,1918.8699951171875,1935.3699951171875,1910.0,1917.77001953125,1917.77001953125,4078600,AMZN,2019-05-08,14.274804,7.639999866485596,0.0,1910.1300196647644
2019-05-09,1900.0,1909.4000244140625,1876.0,1899.8699951171875,1899.8699951171875,5308300,AMZN,2019-05-09,20.54127,10.149999618530272,0.0,1889.7199954986572
2019-05-10,1898.0,1903.7900390625,1856.0,1889.97998046875,1889.97998046875,5718000,AMZN,2019-05-10,2420.9153,2478.39990234375,588.419921875,0.0
2019-05-13,1836.56005859375,1846.5400390625,1818.0,1822.6800537109375,1822.6800537109375,5783400,AMZN,2019-05-13,80.972046,72.79000091552734,0.0,1749.8900527954102
2019-05-14,1839.5,1852.43994140625,1815.75,1840.1199951171875,1840.1199951171875,4629100,AMZN,2019-05-14,293.05292,300.3599853515625,0.0,1539.760009765625
2019-05-15,1827.949951171875,1874.4300537109375,1823.0,1871.1500244140625,1871.1500244140625,4692600,AMZN,2019-05-15,1858.3948,1921.0,0.0,-49.8499755859375
2019-05-16,1885.93994140625,1917.510009765625,1882.2900390625,1907.5699462890625,1907.5699462890625,4707800,AMZN,2019-05-16,88.47213,78.0999984741211,0.0,1829.4699478149414
2019-05-17,1893.050048828125,1910.530029296875,1867.3299560546875,1869.0,1869.0,4736600,AMZN,2019-05-17,62.183304,51.5099983215332,0.0,1817.4900016784668
2019-05-20,1852.68994140625,1867.780029296875,1835.5400390625,1858.969970703125,1858.969970703125,3798200,AMZN,2019-05-20,1597.1251,1410.5699462890625,0.0,448.4000244140625
2019-05-21,1874.7900390625,1879.0,1846.0,1857.52001953125,1857.52001953125,4005100,AMZN,2019-05-21,21.536339,14.100000381469728,0.0,1843.4200191497803
2019-05-22,1851.780029296875,1871.489990234375,1851.0,1859.6800537109375,1859.6800537109375,2936600,AMZN,2019-05-22,3279.677,3232.580078125,1372.9000244140625,0.0
2019-05-23,1836.5899658203125,1844.0,1804.199951171875,1815.47998046875,1815.47998046875,4424300,AMZN,2019-05-23,3191.2383,3307.4599609375,1491.97998046875,0.0
2019-05-24,1835.8900146484375,1841.760009765625,1817.8499755859375,1823.280029296875,1823.280029296875,3369700,AMZN,2019-05-24,52.76646,51.939998626708984,0.0,1771.340030670166
2019-05-28,1832.75,1849.27001953125,1827.3499755859375,1836.4300537109375,1836.4300537109375,3200000,AMZN,2019-05-28,75.61941,62.250000000000014,0.0,1774.1800537109375
2019-05-29,1823.1199951171875,1830.0,1807.530029296875,1819.18994140625,1819.18994140625,4279000,AMZN,2019-05-29,204.06311,194.22999572753903,0.0,1624.959945678711
2019-05-30,1825.489990234375,1829.469970703125,1807.8299560546875,1816.3199462890625,1816.3199462890625,3146900,AMZN,2019-05-30,23.541367,14.60000038146973,0.0,1801.7199459075928
2019-05-31,1790.010009765625,1795.5899658203125,1772.699951171875,1775.0699462890625,1775.0699462890625,4618800,AMZN,2019-05-31,787.1798,780.1199951171875,0.0,994.949951171875
2019-06-03,1760.010009765625,1766.2900390625,1672.0,1692.68994140625,1692.68994140625,9098700,AMZN,2019-06-03,3264.622,3263.3798828125,1570.68994140625,0.0
2019-06-04,1699.239990234375,1730.8199462890625,1680.8900146484375,1729.56005859375,1729.56005859375,5679100,AMZN,2019-06-04,23.870707,16.510000228881836,0.0,1713.0500583648682
2019-06-05,1749.5999755859375,1752.0,1715.25,1738.5,1738.5,4239800,AMZN,2019-06-05,247.32597,215.3300018310547,0.0,1523.1699981689453
2019-06-06,1737.7099609375,1760.0,1726.1300048828125,1754.3599853515625,1754.3599853515625,3689300,AMZN,2019-06-06,21.74501,10.229999542236328,0.0,1744.1299858093262
2019-06-07,1763.699951171875,1806.25,1759.489990234375,1804.030029296875,1804.030029296875,4808200,AMZN,2019-06-07,1940.1798,1775.0699462890627,-28.960083007812273,0.0
2019-06-10,1822.0,1884.8699951171875,1818.0,1860.6300048828125,1860.6300048828125,5371000,AMZN,2019-06-10,26.86899,16.549999237060547,0.0,1844.080005645752
2019-06-11,1883.25,1893.699951171875,1858.0,1863.699951171875,1863.699951171875,4042700,AMZN,2019-06-11,68.10117,73.65000152587892,0.0,1790.049949645996
2019-06-12,1853.97998046875,1865.0,1844.3800048828125,1855.3199462890625,1855.3199462890625,2678300,AMZN,2019-06-12,764.3551,759.3599853515625,0.0,1095.9599609375
2019-06-13,1866.719970703125,1883.0899658203125,1862.219970703125,1870.300048828125,1870.300048828125,2795800,AMZN,2019-06-13,41.285465,32.33000183105469,0.0,1837.9700469970703
2019-06-14,1864.0,1876.0,1859.0,1869.6700439453125,1869.6700439453125,2851200,AMZN,2019-06-14,225.22101,225.0500030517578,0.0,1644.6200408935547
2019-06-17,1876.5,1895.68994140625,1875.449951171875,1886.030029296875,1886.030029296875,2634300,AMZN,2019-06-17,333.75116,308.010009765625,0.0,1578.02001953125
2019-06-18,1901.3499755859375,1921.6700439453125,1899.7900390625,1901.3699951171875,1901.3699951171875,3895700,AMZN,2019-06-18,221.43211,214.17999267578125,0.0,1687.1900024414062
2019-06-19,1907.8399658203125,1919.5799560546875,1892.469970703125,1908.7900390625,1908.7900390625,2895300,AMZN,2019-06-19,193.3648,183.38999938964844,0.0,1725.4000396728516
2019-06-20,1933.3299560546875,1935.199951171875,1905.800048828125,1918.18994140625,1918.18994140625,3217200,AMZN,2019-06-20,24.709154,13.079999923706056,0.0,1905.109941482544
2019-06-21,1916.0999755859375,1925.949951171875,1907.5799560546875,1911.300048828125,1911.300048828125,3933600,AMZN,2019-06-21,55.223335,30.4375,0.0,1880.862548828125
2019-06-24,1912.6600341796875,1916.8599853515625,1901.300048828125,1913.9000244140625,1913.9000244140625,2283000,AMZN,2019-06-24,22.330103,16.350000381469727,0.0,1897.5500240325928
2019-06-25,1911.8399658203125,1916.3900146484375,1872.4200439453125,1878.27001953125,1878.27001953125,3012300,AMZN,2019-06-25,19.819729,14.1899995803833,0.0,1864.0800199508667
2019-06-26,1892.47998046875,1903.800048828125,1887.3199462890625,1897.8299560546875,1897.8299560546875,2441900,AMZN,2019-06-26,308.87787,312.239990234375,0.0,1585.5899658203125
2019-06-27,1902.0,1911.239990234375,1898.0400390625,1904.280029296875,1904.280029296875,2141700,AMZN,2019-06-27,82.93344,77.93750000000001,0.0,1826.342529296875
2019-06-28,1909.0999755859375,1912.93994140625,1884.0,1893.6300048828125,1893.6300048828125,3037400,AMZN,2019-06-28,16.565565,6.75,0.0,1886.8800048828125
2019-07-01,1922.97998046875,1929.8199462890625,1914.6600341796875,1922.18994140625,1922.18994140625,3192100,AMZN,2019-07-01,82.08634,71.98999786376955,0.0,1850.1999435424805
2019-07-02,1919.3800048828125,1934.7900390625,1906.6300048828125,1934.31005859375,1934.31005859375,2645900,AMZN,2019-07-02,15.287391,7.875,0.0,1926.43505859375
2019-07-03,1935.8900146484375,1941.5899658203125,1930.5,1939.0,1939.0,1690300,AMZN,2019-07-03,252.09846,226.60000610351557,0.0,1712.3999938964844
2019-07-05,1928.5999755859375,1945.9000244140625,1925.300048828125,1942.9100341796875,1942.9100341796875,2628400,AMZN,2019-07-05,56.84413,35.61000061035156,0.0,1907.300033569336
2019-07-08,1934.1199951171875,1956.0,1928.25,1952.3199462890625,1952.3199462890625,2883400,AMZN,2019-07-08,12.72126,5.2916669845581055,0.0,1947.0282793045044
2019-07-09,1947.800048828125,1990.010009765625,1943.47998046875,1988.300048828125,1988.300048828125,4345700,AMZN,2019-07-09,822.03534,771.8800048828125,0.0,1216.4200439453125
2019-07-10,1996.510009765625,2024.93994140625,1995.4000244140625,2017.4100341796875,2017.4100341796875,4931900,AMZN,2019-07-10,194.55342,182.3000030517578,0.0,1835.1100311279297
2019-07-11,2025.6199951171875,2035.800048828125,1995.300048828125,2001.0699462890625,2001.0699462890625,4317800,AMZN,2019-07-11,21.30939,12.25,0.0,1988.8199462890625
2019-07-12,2008.27001953125,2017.0,2003.8699951171875,2011.0,2011.0,2509300,AMZN,2019-07-12,757.2544,765.97998046875,0.0,1245.02001953125
2019-07-15,2021.4000244140625,2022.9000244140625,2001.550048828125,2020.989990234375,2020.989990234375,2981300,AMZN,2019-07-15,85.52424,80.62999725341798,0.0,1940.359992980957
2019-07-16,2010.5799560546875,2026.3199462890625,2001.219970703125,2009.9000244140625,2009.9000244140625,2618200,AMZN,2019-07-16,227.64195,221.30999755859375,0.0,1788.5900268554688
2019-07-17,2007.050048828125,2012.0,1992.030029296875,1992.030029296875,1992.030029296875,2558800,AMZN,2019-07-17,3321.6025,3222.89990234375,1230.869873046875,0.0
2019-07-18,1980.010009765625,1987.5,1951.550048828125,1977.9000244140625,1977.9000244140625,3486900,AMZN,2019-07-18,170.14645,176.2899932861328,0.0,1801.6100311279297
2019-07-19,1991.2099609375,1996.0,1962.22998046875,1964.52001953125,1964.52001953125,3185600,AMZN,2019-07-19,441.8532,438.1000061035156,0.0,1526.4200134277344
2019-07-22,1971.1400146484375,1989.0,1958.260009765625,1985.6300048828125,1985.6300048828125,2900000,AMZN,2019-07-22,26.63491,17.969999313354492,0.0,1967.660005569458
2019-07-23,1995.989990234375,1997.7900390625,1973.1300048828125,1994.489990234375,1994.489990234375,2703500,AMZN,2019-07-23,11.946381,4.015625,0.0,1990.474365234375
2019-07-24,1969.300048828125,2001.300048828125,1965.8699951171875,2000.81005859375,2000.81005859375,2631300,AMZN,2019-07-24,86.92945,77.6500015258789,0.0,1923.160057067871
2019-07-25,2001.0,2001.199951171875,1972.719970703125,1973.8199462890625,1973.8199462890625,4136500,AMZN,2019-07-25,442.56998,440.8399963378906,0.0,1532.9799499511719
2019-07-26,1942.0,1950.9000244140625,1924.510009765625,1943.050048828125,1943.050048828125,4927100,AMZN,2019-07-26,274.4131,259.3599853515625,0.0,1683.6900634765625
2019-07-29,1930.0,1932.22998046875,1890.5400390625,1912.449951171875,1912.449951171875,4493200,AMZN,2019-07-29,1930.8381,2009.9000244140623,97.45007324218727,0.0
2019-07-30,1891.1199951171875,1909.8900146484375,1883.47998046875,1898.530029296875,1898.530029296875,2910900,AMZN,2019-07-30,1712.9287,1808.0,0.0,90.530029296875
2019-07-31,1898.1099853515625,1899.550048828125,1849.43994140625,1866.780029296875,1866.780029296875,4470700,AMZN,2019-07-31,979.86755,1000.9299926757812,0.0,865.8500366210938
2019-08-01,1871.719970703125,1897.9200439453125,1844.010009765625,1855.3199462890625,1855.3199462890625,4713300,AMZN,2019-08-01,950.1601,1009.1300048828124,0.0,846.1899414062501
2019-08-02,1845.0699462890625,1846.3599853515625,1808.02001953125,1823.239990234375,1823.239990234375,4956200,AMZN,2019-08-02,3240.635,3104.199951171875,1280.9599609375,0.0
2019-08-05,1770.219970703125,1788.6700439453125,1748.780029296875,1765.1300048828125,1765.1300048828125,6058200,AMZN,2019-08-05,1581.227,1430.7900390625,0.0,334.3399658203125
2019-08-06,1792.22998046875,1793.77001953125,1753.4000244140625,1787.8299560546875,1787.8299560546875,5070300,AMZN,2019-08-06,51.063473,34.13999938964844,0.0,1753.689956665039
2019-08-07,1773.989990234375,1798.9300537109375,1757.0,1793.4000244140625,1793.4000244140625,4526900,AMZN,2019-08-07,711.163,739.9500122070312,0.0,1053.4500122070312
2019-08-08,1806.0,1834.260009765625,1798.1099853515625,1832.8900146484375,1832.8900146484375,3701200,AMZN,2019-08-08,56.566154,48.31999969482422,0.0,1784.5700149536133
2019-08-09,1828.949951171875,1831.0899658203125,1802.219970703125,1807.5799560546875,1807.5799560546875,2879800,AMZN,2019-08-09,45.260326,35.470001220703125,0.0,1772.1099548339844
2019-08-12,1795.989990234375,1800.97998046875,1777.0,1784.9200439453125,1784.9200439453125,2905500,AMZN,2019-08-12,177.60556,164.82000732421875,0.0,1620.1000366210938
2019-08-13,1783.0,1831.739990234375,1780.0,1824.3399658203125,1824.3399658203125,3994000,AMZN,2019-08-13,47.86762,38.22999954223633,0.0,1786.1099662780762
2019-08-14,1793.010009765625,1795.6500244140625,1757.219970703125,1762.9599609375,1762.9599609375,4893600,AMZN,2019-08-14,29.465973,12.28125,0.0,1750.6787109375
2019-08-15,1781.989990234375,1788.0,1761.9599609375,1776.1199951171875,1776.1199951171875,3759100,AMZN,2019-08-15,11.715406,4.2708330154418945,0.0,1771.8491621017456
2019-08-16,1792.8900146484375,1802.9100341796875,1784.550048828125,1792.5699462890625,1792.5699462890625,3018000,AMZN,2019-08-16,183.4868,180.0,0.0,1612.5699462890625
2019-08-19,1818.0799560546875,1826.0,1812.6099853515625,1816.1199951171875,1816.1199951171875,2816300,AMZN,2019-08-19,238.52736,217.0500030517578,0.0,1599.0699920654297
2019-08-20,1814.5,1816.8199462890625,1799.8800048828125,1801.3800048828125,1801.3800048828125,1929500,AMZN,2019-08-20,97.06221,93.97000122070312,0.0,1707.4100036621094
2019-08-21,1819.3900146484375,1829.5799560546875,1815.0,1823.5400390625,1823.5400390625,2031800,AMZN,2019-08-21,127.8335,127.56999969482423,0.0,1695.9700393676758
2019-08-22,1828.0,1829.4100341796875,1800.0999755859375,1804.6600341796875,1804.6600341796875,2653500,AMZN,2019-08-22,349.33362,360.1300048828125,0.0,1444.530029296875
2019-08-23,1793.030029296875,1804.9000244140625,1745.22998046875,1749.6199951171875,1749.6199951171875,5270800,AMZN,2019-08-23,677.0081,574.47998046875,0.0,1175.1400146484375
2019-08-26,1766.9100341796875,1770.0,1743.510009765625,1768.8699951171875,1768.8699951171875,3080000,AMZN,2019-08-26,2643.7244,3182.6298828125,1413.7598876953125,0.0
2019-08-27,1775.72998046875,1779.4000244140625,1746.6800537109375,1761.8299560546875,1761.8299560546875,3019700,AMZN,2019-08-27,1604.5238,1723.7900390625,0.0,38.0399169921875
2019-08-28,1755.0,1767.8599853515625,1744.050048828125,1764.25,1764.25,2419700,AMZN,2019-08-28,94.44295,78.62500000000001,0.0,1685.625
2019-08-29,1783.0,1798.550048828125,1777.25,1786.4000244140625,1786.4000244140625,3015100,AMZN,2019-08-29,790.5924,768.8200073242188,0.0,1017.5800170898438
2019-08-30,1797.489990234375,1799.739990234375,1764.5699462890625,1776.2900390625,1776.2900390625,3058700,AMZN,2019-08-30,13.879291,4.5104169845581055,0.0,1771.779622077942
2019-09-03,1770.0,1800.800048828125,1768.0,1789.8399658203125,1789.8399658203125,3543000,AMZN,2019-09-03,21.677313,16.010000228881836,0.0,1773.8299655914307
2019-09-04,1805.0,1807.6300048828125,1796.22998046875,1800.6199951171875,1800.6199951171875,2324100,AMZN,2019-09-04,80.83804,68.22000122070312,0.0,1732.3999938964844
2019-09-05,1821.949951171875,1842.0,1815.5799560546875,1840.719970703125,1840.719970703125,3310800,AMZN,2019-09-05,31.254333,18.86000061035156,0.0,1821.8599700927734
2019-09-06,1838.219970703125,1840.6500244140625,1826.4000244140625,1833.510009765625,1833.510009765625,2496900,AMZN,2019-09-06,1605.3079,1689.300048828125,0.0,144.2099609375
2019-09-09,1841.0,1850.0,1824.6099853515625,1831.3499755859375,1831.3499755859375,2999500,AMZN,2019-09-09,49.013893,39.79999923706055,0.0,1791.549976348877
2019-09-10,1822.75,1825.81005859375,1805.3399658203125,1820.550048828125,1820.550048828125,2613900,AMZN,2019-09-10,18.214056,10.890000343322754,0.0,1809.6600484848022
2019-09-11,1812.1400146484375,1833.4200439453125,1809.0799560546875,1822.989990234375,1822.989990234375,2432800,AMZN,2019-09-11,389.30774,371.9200134277344,0.0,1451.0699768066406
2019-09-12,1837.6300048828125,1853.6600341796875,1834.280029296875,1843.550048828125,1843.550048828125,2823500,AMZN,2019-09-12,1930.5212,1926.4200439453125,82.8699951171875,0.0
2019-09-13,1842.010009765625,1846.1199951171875,1835.1700439453125,1839.3399658203125,1839.3399658203125,1971300,AMZN,2019-09-13,329.41324,294.1199951171875,0.0,1545.219970703125
2019-09-16,1824.02001953125,1825.68994140625,1800.199951171875,1807.8399658203125,1807.8399658203125,3675500,AMZN,2019-09-16,49.742405,42.70000076293945,0.0,1765.139965057373
2019-09-17,1807.0799560546875,1823.989990234375,1804.0999755859375,1822.550048828125,1822.550048828125,1982400,AMZN,2019-09-17,21.103558,11.6875,0.0,1810.862548828125
2019-09-18,1817.0400390625,1822.06005859375,1795.5,1817.4599609375,1817.4599609375,2505600,AMZN,2019-09-18,311.64853,325.9100036621094,0.0,1491.5499572753906
2019-09-19,1821.02001953125,1832.5699462890625,1817.9000244140625,1821.5,1821.5,2031500,AMZN,2019-09-19,82.46978,77.25000000000001,0.0,1744.25
2019-09-20,1821.7099609375,1830.6300048828125,1780.9200439453125,1794.1600341796875,1794.1600341796875,5341900,AMZN,2019-09-20,60.282795,48.4900016784668,0.0,1745.6700325012207
2019-09-23,1777.0,1792.699951171875,1767.3199462890625,1785.300048828125,1785.300048828125,2922300,AMZN,2019-09-23,99.608376,121.63999938964844,0.0,1663.6600494384766
2019-09-24,1790.6099853515625,1795.7099609375,1735.550048828125,1741.6099853515625,1741.6099853515625,4616000,AMZN,2019-09-24,292.99203,298.8599853515625,0.0,1442.75
2019-09-25,1747.3599853515625,1773.0,1723.0,1768.3299560546875,1768.3299560546875,3493200,AMZN,2019-09-25,24.443752,14.250000000000002,0.0,1754.0799560546875
2019-09-26,1762.7900390625,1763.3699951171875,1731.5,1739.8399658203125,1739.8399658203125,3536800,AMZN,2019-09-26,94.2054,78.50000000000001,0.0,1661.3399658203125
2019-09-27,1748.0,1749.1199951171875,1713.8199462890625,1725.449951171875,1725.449951171875,3907200,AMZN,2019-09-27,175.5613,165.67999267578125,0.0,1559.7699584960938
2019-09-30,1726.989990234375,1737.4599609375,1709.219970703125,1735.9100341796875,1735.9100341796875,2644700,AMZN,2019-09-30,67.95147,45.875,0.0,1690.0350341796875
2019-10-01,1746.0,1755.5999755859375,1728.4100341796875,1735.6500244140625,1735.6500244140625,3084500,AMZN,2019-10-01,773.0216,839.4299926757812,0.0,896.2200317382812
2019-10-02,1727.739990234375,1728.8900146484375,1705.0,1713.22998046875,1713.22998046875,3301100,AMZN,2019-10-02,71.93385,65.5625,0.0,1647.66748046875
2019-10-03,1713.0,1725.0,1685.06005859375,1724.4200439453125,1724.4200439453125,3468200,AMZN,2019-10-03,196.80275,191.25,0.0,1533.1700439453125
2019-10-04,1726.02001953125,1740.5799560546875,1719.22998046875,1739.6500244140625,1739.6500244140625,2471900,AMZN,2019-10-04,680.3177,689.0700073242188,0.0,1050.5800170898438
2019-10-07,1731.6300048828125,1747.8299560546875,1723.699951171875,1732.6600341796875,1732.6600341796875,2154700,AMZN,2019-10-07,46.676895,41.380001068115234,0.0,1691.2800331115723
2019-10-08,1722.489990234375,1727.0,1705.0,1705.510009765625,1705.510009765625,2542000,AMZN,2019-10-08,45.307064,33.970001220703125,0.0,1671.5400085449219
2019-10-09,1719.6099853515625,1729.949951171875,1714.3599853515625,1721.989990234375,1721.989990234375,2043500,AMZN,2019-10-09,203.62262,183.6499938964844,0.0,1538.3399963378906
2019-10-10,1725.239990234375,1738.2900390625,1713.75,1720.260009765625,1720.260009765625,2575200,AMZN,2019-10-10,91.67772,76.12000274658203,0.0,1644.140007019043
2019-10-11,1742.9200439453125,1745.449951171875,1729.8599853515625,1731.9200439453125,1731.9200439453125,3255000,AMZN,2019-10-11,46.156822,39.810001373291016,0.0,1692.1100425720215
2019-10-14,1728.9100341796875,1741.8900146484375,1722.0,1736.4300537109375,1736.4300537109375,1910200,AMZN,2019-10-14,404.39847,403.010009765625,0.0,1333.4200439453125
2019-10-15,1742.1400146484375,1776.449951171875,1740.6199951171875,1767.3800048828125,1767.3800048828125,3111700,AMZN,2019-10-15,45.20741,35.650001525878906,0.0,1731.7300033569336
2019-10-16,1773.3299560546875,1786.239990234375,1770.52001953125,1777.4300537109375,1777.4300537109375,2763400,AMZN,2019-10-16,3291.164,3125.0,1347.5699462890625,0.0
2019-10-17,1796.489990234375,1798.8499755859375,1782.02001953125,1787.47998046875,1787.47998046875,2647400,AMZN,2019-10-17,26.439154,21.290000915527344,0.0,1766.1899795532227
2019-10-18,1787.800048828125,1793.97998046875,1749.199951171875,1757.510009765625,1757.510009765625,3362500,AMZN,2019-10-18,380.166,445.1000061035157,0.0,1312.4100036621094
2019-10-21,1769.6600341796875,1785.8800048828125,1765.0,1785.6600341796875,1785.6600341796875,2130400,AMZN,2019-10-21,45.13771,38.5099983215332,0.0,1747.1500358581543
2019-10-22,1788.1500244140625,1789.780029296875,1762.0,1765.72998046875,1765.72998046875,2111700,AMZN,2019-10-22,175.6007,181.82000732421875,0.0,1583.9099731445312
2019-10-23,1761.300048828125,1770.050048828125,1742.0,1762.1700439453125,1762.1700439453125,2138200,AMZN,2019-10-23,14.333087,7.161458015441894,0.0,1755.0085859298706
2019-10-24,1771.0899658203125,1788.3399658203125,1760.27001953125,1780.780029296875,1780.780029296875,4446100,AMZN,2019-10-24,21.466642,21.072917938232425,0.0,1759.7071113586426
2019-10-25,1697.550048828125,1764.2099609375,1695.0,1761.3299560546875,1761.3299560546875,9626400,AMZN,2019-10-25,17.875404,7.218750000000001,0.0,1754.1112060546875
2019-10-28,1748.06005859375,1778.699951171875,1742.5,1777.0799560546875,1777.0799560546875,3708900,AMZN,2019-10-28,80.48611,76.33999633789064,0.0,1700.7399597167969
2019-10-29,1774.81005859375,1777.0,1755.81005859375,1762.7099609375,1762.7099609375,2276900,AMZN,2019-10-29,72.70831,76.1875,0.0,1686.5224609375
2019-10-30,1760.239990234375,1782.3800048828125,1759.1199951171875,1779.989990234375,1779.989990234375,2449400,AMZN,2019-10-30,1849.6721,1932.8199462890625,152.8299560546875,0.0
2019-10-31,1775.989990234375,1792.0,1771.47998046875,1776.6600341796875,1776.6600341796875,2781200,AMZN,2019-10-31,51.3243,37.9900016784668,0.0,1738.6700325012207
2019-11-01,1788.010009765625,1797.449951171875,1785.2099609375,1791.43994140625,1791.43994140625,2790400,AMZN,2019-11-01,1019.2682,1024.449951171875,0.0,766.989990234375
2019-11-04,1801.010009765625,1815.06005859375,1801.010009765625,1804.6600341796875,1804.6600341796875,2771900,AMZN,2019-11-04,25.005936,19.36000061035156,0.0,1785.300033569336
2019-11-05,1809.1600341796875,1810.25,1794.0,1801.7099609375,1801.7099609375,1885500,AMZN,2019-11-05,718.35297,753.780029296875,0.0,1047.929931640625
2019-11-06,1801.0,1802.5,1788.5799560546875,1795.77001953125,1795.77001953125,2029800,AMZN,2019-11-06,29.841972,21.8799991607666,0.0,1773.8900203704834
2019-11-07,1803.760009765625,1805.9000244140625,1783.47998046875,1788.199951171875,1788.199951171875,2651100,AMZN,2019-11-07,80.303215,86.0,0.0,1702.199951171875
2019-11-08,1787.8900146484375,1789.8800048828125,1774.0400390625,1785.8800048828125,1785.8800048828125,2123300,AMZN,2019-11-08,409.3449,346.1499938964844,0.0,1439.7300109863281
2019-11-11,1778.0,1780.0,1767.1300048828125,1771.6500244140625,1771.6500244140625,1946000,AMZN,2019-11-11,49.445282,51.40999984741211,0.0,1720.2400245666504
2019-11-12,1774.6600341796875,1786.219970703125,1771.9100341796875,1778.0,1778.0,2037600,AMZN,2019-11-12,754.59094,758.8099975585938,0.0,1019.1900024414062
2019-11-13,1773.3900146484375,1775.0,1747.3199462890625,1753.1099853515625,1753.1099853515625,2989500,AMZN,2019-11-13,2119.242,2317.800048828125,564.6900634765625,0.0
2019-11-14,1751.4300537109375,1766.5899658203125,1749.56005859375,1754.5999755859375,1754.5999755859375,2264800,AMZN,2019-11-14,596.1357,627.9000244140625,0.0,1126.699951171875
2019-11-15,1760.050048828125,1761.6800537109375,1732.8599853515625,1739.489990234375,1739.489990234375,3927600,AMZN,2019-11-15,41.743942,33.970001220703125,0.0,1705.5199890136719
2019-11-18,1738.300048828125,1753.699951171875,1722.7099609375,1752.530029296875,1752.530029296875,2839500,AMZN,2019-11-18,368.9374,333.2099914550781,0.0,1419.3200378417969
2019-11-19,1756.989990234375,1760.6800537109375,1743.030029296875,1752.7900390625,1752.7900390625,2270800,AMZN,2019-11-19,1954.5574,1885.8399658203125,133.0499267578125,0.0
2019-11-20,1749.1400146484375,1762.52001953125,1734.1199951171875,1745.530029296875,1745.530029296875,2790000,AMZN,2019-11-20,137.13155,129.11000061035156,0.0,1616.4200286865234
2019-11-21,1743.0,1746.8699951171875,1730.3599853515625,1734.7099609375,1734.7099609375,2662900,AMZN,2019-11-21,12.313937,7.127604007720946,0.0,1727.582356929779
2019-11-22,1739.02001953125,1746.4300537109375,1731.0,1745.719970703125,1745.719970703125,2479100,AMZN,2019-11-22,268.90298,257.2799987792969,0.0,1488.4399719238281
2019-11-25,1753.25,1777.4200439453125,1753.239990234375,1773.8399658203125,1773.8399658203125,3486200,AMZN,2019-11-25,25.91266,16.690000534057617,0.0,1757.1499652862549
2019-11-26,1779.9200439453125,1797.030029296875,1778.3499755859375,1796.93994140625,1796.93994140625,3181200,AMZN,2019-11-26,63.54661,56.20000076293945,0.0,1740.7399406433105
2019-11-27,1801.0,1824.5,1797.31005859375,1818.510009765625,1818.510009765625,3025600,AMZN,2019-11-27,98.34248,82.75000000000001,0.0,1735.760009765625
2019-11-29,1817.780029296875,1824.68994140625,1800.7900390625,1800.800048828125,1800.800048828125,1923400,AMZN,2019-11-29,1951.1456,1819.18994140625,18.389892578125,0.0
2019-12-02,1804.4000244140625,1805.550048828125,1762.6800537109375,1781.5999755859375,1781.5999755859375,3925600,AMZN,2019-12-02,52.886024,39.150001525878906,0.0,1742.4499740600586
2019-12-03,1760.0,1772.8699951171875,1747.22998046875,1769.9599609375,1769.9599609375,3380900,AMZN,2019-12-03,48.907215,36.95000076293945,0.0,1733.0099601745605
2019-12-04,1774.010009765625,1789.0899658203125,1760.219970703125,1760.68994140625,1760.68994140625,2670100,AMZN,2019-12-04,13.672196,4.5416669845581055,0.0,1756.148274421692
2019-12-05,1763.5,1763.5,1740.0,1740.47998046875,1740.47998046875,2823800,AMZN,2019-12-05,40.882717,34.22999954223633,0.0,1706.2499809265137
2019-12-06,1751.199951171875,1754.4000244140625,1740.1300048828125,1751.5999755859375,1751.5999755859375,3117400,AMZN,2019-12-06,358.72372,359.79998779296875,0.0,1391.7999877929688
2019-12-09,1750.6600341796875,1766.8900146484375,1745.6099853515625,1749.510009765625,1749.510009765625,2442800,AMZN,2019-12-09,994.05756,945.260009765625,0.0,804.25
2019-12-10,1747.4000244140625,1750.6700439453125,1735.0,1739.2099609375,1739.2099609375,2514300,AMZN,2019-12-10,87.271996,78.38999938964844,0.0,1660.8199615478516
2019-12-11,1741.6700439453125,1750.0,1735.7099609375,1748.719970703125,1748.719970703125,2097600,AMZN,2019-12-11,45.147205,40.459999084472656,0.0,1708.2599716186523
2019-12-12,1750.0,1764.0,1745.43994140625,1760.3299560546875,1760.3299560546875,3095900,AMZN,2019-12-12,170.75058,158.6699981689453,0.0,1601.6599578857422
2019-12-13,1765.0,1768.989990234375,1755.0,1760.93994140625,1760.93994140625,2745700,AMZN,2019-12-13,137.08755,119.09999847412108,0.0,1641.839942932129
2019-12-16,1767.0,1769.5,1757.050048828125,1769.2099609375,1769.2099609375,3145200,AMZN,2019-12-16,35.075127,22.875,0.0,1746.3349609375
2019-12-17,1778.010009765625,1792.0,1777.3900146484375,1790.6600341796875,1790.6600341796875,3644400,AMZN,2019-12-17,223.8858,225.6199951171875,0.0,1565.0400390625
2019-12-18,1795.02001953125,1798.199951171875,1782.3599853515625,1784.030029296875,1784.030029296875,3351400,AMZN,2019-12-18,2141.161,1924.030029296875,140.0,0.0
2019-12-19,1780.5,1792.989990234375,1774.06005859375,1792.280029296875,1792.280029296875,2652800,AMZN,2019-12-19,395.4765,375.1099853515625,0.0,1417.1700439453125
2019-12-20,1799.6199951171875,1802.969970703125,1782.449951171875,1786.5,1786.5,5150800,AMZN,2019-12-20,41.7542,35.630001068115234,0.0,1750.8699989318848
2019-12-23,1788.260009765625,1793.0,1784.510009765625,1793.0,1793.0,2136400,AMZN,2019-12-23,394.12817,373.239990234375,0.0,1419.760009765625
2019-12-24,1793.81005859375,1795.5699462890625,1787.5799560546875,1789.2099609375,1789.2099609375,881300,AMZN,2019-12-24,73.17789,73.125,0.0,1716.0849609375
2019-12-26,1801.010009765625,1870.4599609375,1799.5,1868.77001953125,1868.77001953125,6005400,AMZN,2019-12-26,14.026181,16.458332061767578,0.0,1852.3116874694824
2019-12-27,1882.9200439453125,1901.4000244140625,1866.010009765625,1869.800048828125,1869.800048828125,6186600,AMZN,2019-12-27,691.19354,664.1400146484375,0.0,1205.6600341796875
2019-12-30,1874.0,1884.0,1840.6199951171875,1846.8900146484375,1846.8900146484375,3674700,AMZN,2019-12-30,18.515728,10.1875,0.0,1836.7025146484375
2019-12-31,1842.0,1853.260009765625,1832.22998046875,1847.8399658203125,1847.8399658203125,2506500,AMZN,2019-12-31,99.3112,86.03125,0.0,1761.8087158203125
2020-01-02,1875.0,1898.010009765625,1864.1500244140625,1898.010009765625,1898.010009765625,4029000,AMZN,2020-01-02,2025.5458,1793.4000244140627,-104.60998535156227,0.0
2020-01-03,1864.5,1886.199951171875,1864.5,1874.969970703125,1874.969970703125,3764400,AMZN,2020-01-03,94.768524,93.1500015258789,0.0,1781.819969177246
2020-01-06,1860.0,1903.68994140625,1860.0,1902.8800048828125,1902.8800048828125,4061800,AMZN,2020-01-06,48.668823,40.09000015258789,0.0,1862.7900047302246
2020-01-07,1904.5,1913.8900146484375,1892.0400390625,1906.8599853515625,1906.8599853515625,4044900,AMZN,2020-01-07,1965.2131,1755.25,-151.6099853515625,0.0
2020-01-08,1898.0400390625,1911.0,1886.43994140625,1891.969970703125,1891.969970703125,3508000,AMZN,2020-01-08,83.88964,72.41000366210939,0.0,1819.5599670410156
2020-01-09,1909.8900146484375,1917.8199462890625,1895.800048828125,1901.050048828125,1901.050048828125,3167300,AMZN,2020-01-09,45.664413,35.18000030517578,0.0,1865.8700485229492
2020-01-10,1905.3699951171875,1906.93994140625,1880.0,1883.1600341796875,1883.1600341796875,2853700,AMZN,2020-01-10,31.27795,27.18000030517578,0.0,1855.9800338745117
2020-01-13,1891.31005859375,1898.0,1880.800048828125,1891.300048828125,1891.300048828125,2780800,AMZN,2020-01-13,53.084335,43.7599983215332,0.0,1847.5400505065918
2020-01-14,1885.8800048828125,1887.1099853515625,1858.550048828125,1869.43994140625,1869.43994140625,3440900,AMZN,2020-01-14,1805.5474,1847.7500000000002,0.0,21.689941406249773
2020-01-15,1872.25,1878.8599853515625,1855.0899658203125,1862.02001953125,1862.02001953125,2896600,AMZN,2020-01-15,177.13094,180.1300048828125,0.0,1681.8900146484375
2020-01-16,1882.989990234375,1885.5899658203125,1866.02001953125,1877.93994140625,1877.93994140625,2659500,AMZN,2020-01-16,370.36795,370.5299987792969,0.0,1507.4099426269531
2020-01-17,1885.8900146484375,1886.6400146484375,1857.25,1864.719970703125,1864.719970703125,3997300,AMZN,2020-01-17,3277.3806,3102.969970703125,1238.25,0.0
2020-01-21,1865.0,1894.27001953125,1860.0,1892.0,1892.0,3707800,AMZN,2020-01-21,187.69797,206.07000732421875,0.0,1685.9299926757812
2020-01-22,1896.0899658203125,1902.5,1883.3399658203125,1887.4599609375,1887.4599609375,3216300,AMZN,2020-01-22,718.4252,748.2100219726562,0.0,1139.2499389648438
2020-01-23,1885.1099853515625,1889.97998046875,1872.760009765625,1884.5799560546875,1884.5799560546875,2484600,AMZN,2020-01-23,57.790043,39.689998626708984,0.0,1844.8899574279785
2020-01-24,1891.3699951171875,1894.989990234375,1847.43994140625,1861.6400146484375,1861.6400146484375,3766200,AMZN,2020-01-24,24.121355,16.610000610351562,0.0,1845.030014038086
2020-01-27,1820.0,1841.0,1815.3399658203125,1828.3399658203125,1828.3399658203125,3528500,AMZN,2020-01-27,1734.0415,1772.3599853515625,0.0,55.97998046875
2020-01-28,1840.5,1858.1099853515625,1830.02001953125,1853.25,1853.25,2808000,AMZN,2020-01-28,1775.6838,1739.489990234375,0.0,113.760009765625
2020-01-29,1864.0,1874.75,1855.02001953125,1858.0,1858.0,2088000,AMZN,2020-01-29,1904.0715,1871.1500244140627,13.150024414062727,0.0
2020-01-30,1858.0,1872.8699951171875,1850.6099853515625,1870.6800537109375,1870.6800537109375,6327400,AMZN,2020-01-30,322.67554,310.32000732421875,0.0,1560.3600463867188
2020-01-31,2051.469970703125,2055.719970703125,2002.27001953125,2008.719970703125,2008.719970703125,15567300,AMZN,2020-01-31,50.464733,41.4375,0.0,1967.282470703125
2020-02-03,2010.5999755859375,2048.5,2000.25,2004.199951171875,2004.199951171875,5891700,AMZN,2020-02-03,708.8358,745.719970703125,0.0,1258.47998046875
2020-02-04,2029.8800048828125,2059.800048828125,2015.3699951171875,2049.669921875,2049.669921875,5289300,AMZN,2020-02-04,263.383,243.94000244140628,0.0,1805.7299194335938
2020-02-05,2071.02001953125,2071.02001953125,2032.0,2039.8699951171875,2039.8699951171875,4376200,AMZN,2020-02-05,55.41186,42.95000076293945,0.0,1996.919994354248
2020-02-06,2041.02001953125,2056.300048828125,2024.800048828125,2050.22998046875,2050.22998046875,3183000,AMZN,2020-02-06,534.60724,532.5399780273438,0.0,1517.6900024414062
2020-02-07,2041.989990234375,2098.530029296875,2038.0999755859375,2079.280029296875,2079.280029296875,5095300,AMZN,2020-02-07,79.688034,80.5,0.0,1998.780029296875
2020-02-10,2085.010009765625,2135.60009765625,2084.9599609375,2133.909912109375,2133.909912109375,5056200,AMZN,2020-02-10,43.471703,40.88999938964844,0.0,2093.0199127197266
2020-02-11,2150.89990234375,2185.949951171875,2136.0,2150.800048828125,2150.800048828125,5746000,AMZN,2020-02-11,43.507027,38.310001373291016,0.0,2112.490047454834
2020-02-12,2163.199951171875,2180.25,2155.2900390625,2160.0,2160.0,3334300,AMZN,2020-02-12,45.27311,35.54999923706055,0.0,2124.4500007629395
2020-02-13,2144.989990234375,2170.280029296875,2142.0,2149.8701171875,2149.8701171875,3031800,AMZN,2020-02-13,49.18022,41.84000015258789,0.0,2108.030117034912
2020-02-14,2155.679931640625,2159.0400390625,2125.889892578125,2134.8701171875,2134.8701171875,2606200,AMZN,2020-02-14,45.174797,39.5099983215332,0.0,2095.360118865967
2020-02-18,2125.02001953125,2166.070068359375,2124.110107421875,2155.669921875,2155.669921875,2945600,AMZN,2020-02-18,85.499016,78.34999847412111,0.0,2077.319923400879
2020-02-19,2167.800048828125,2185.10009765625,2161.1201171875,2170.219970703125,2170.219970703125,2561200,AMZN,2020-02-19,299.6489,308.8399963378906,0.0,1861.3799743652344
2020-02-20,2173.070068359375,2176.7900390625,2127.449951171875,2153.10009765625,2153.10009765625,3131300,AMZN,2020-02-20,56.020542,62.68750000000001,0.0,2090.41259765625
2020-02-21,2142.14990234375,2144.550048828125,2088.0,2095.969970703125,2095.969970703125,4646300,AMZN,2020-02-21,50.06688,49.77000045776367,0.0,2046.1999702453613
2020-02-24,2003.1800537109375,2039.300048828125,1987.969970703125,2009.2900390625,2009.2900390625,6547000,AMZN,2020-02-24,83.13512,87.0800018310547,0.0,1922.2100372314453
2020-02-25,2026.4200439453125,2034.5999755859375,1958.4200439453125,1972.739990234375,1972.739990234375,6219100,AMZN,2020-02-25,41.331226,40.91999816894531,0.0,1931.8199920654297
2020-02-26,1970.280029296875,2014.6700439453125,1960.449951171875,1979.5899658203125,1979.5899658203125,5224600,AMZN,2020-02-26,199.94449,168.07000732421875,0.0,1811.5199584960938
2020-02-27,1934.3800048828125,1975.0,1882.760009765625,1884.300048828125,1884.300048828125,8144000,AMZN,2020-02-27,249.49031,257.0899963378906,0.0,1627.2100524902344
2020-02-28,1814.6300048828125,1889.760009765625,1811.1300048828125,1883.75,1883.75,9481000,AMZN,2020-02-28,50.780685,40.45833206176758,0.0,1843.2916679382324
2020-03-02,1906.489990234375,1954.510009765625,1870.0,1953.949951171875,1953.949951171875,6761700,AMZN,2020-03-02,425.631,426.5700073242187,0.0,1527.3799438476562
2020-03-03,1975.3699951171875,1996.3299560546875,1888.0899658203125,1908.989990234375,1908.989990234375,7534500,AMZN,2020-03-03,12.733516,7.109375,0.0,1901.880615234375
2020-03-04,1946.5699462890625,1978.0,1922.0,1975.8299560546875,1975.8299560546875,4772900,AMZN,2020-03-04,89.50776,76.50000000000001,0.0,1899.3299560546875
2020-03-05,1933.0,1960.719970703125,1910.0,1924.030029296875,1924.030029296875,4748200,AMZN,2020-03-05,50.28649,61.18000030517578,0.0,1862.8500289916992
2020-03-06,1875.0,1910.8699951171875,1869.5,1901.0899658203125,1901.0899658203125,5273600,AMZN,2020-03-06,73.08618,49.8125,0.0,1851.2774658203125
2020-03-09,1773.8599853515625,1862.77001953125,1761.2900390625,1800.6099853515625,1800.6099853515625,7813200,AMZN,2020-03-09,49.181324,42.31999969482422,0.0,1758.2899856567383
2020-03-10,1870.8800048828125,1894.27001953125,1818.1700439453125,1891.8199462890625,1891.8199462890625,7133300,AMZN,2020-03-10,3241.826,3186.6298828125,1294.8099365234375,0.0
2020-03-11,1857.8499755859375,1871.3199462890625,1801.5,1820.8599853515625,1820.8599853515625,5624800,AMZN,2020-03-11,1409.7998,1693.219970703125,0.0,127.6400146484375
2020-03-12,1721.97998046875,1765.0,1675.0,1676.6099853515625,1676.6099853515625,11346200,AMZN,2020-03-12,45.014095,51.25,0.0,1625.3599853515625
2020-03-13,1755.0,1786.31005859375,1680.6199951171875,1785.0,1785.0,8809700,AMZN,2020-03-13,41.76953,33.4900016784668,0.0,1751.5099983215332
2020-03-16,1641.510009765625,1759.449951171875,1626.030029296875,1689.1500244140625,1689.1500244140625,8917300,AMZN,2020-03-16,55.289585,46.3125,0.0,1642.8375244140625
2020-03-17,1775.469970703125,1857.780029296875,1689.239990234375,1807.8399658203125,1807.8399658203125,10917100,AMZN,2020-03-17,80.046936,79.76999664306642,0.0,1728.069969177246
2020-03-18,1750.0,1841.6600341796875,1745.0,1830.0,1830.0,9645200,AMZN,2020-03-18,2679.6963,3104.0,1274.0,0.0
2020-03-19,1860.0,1945.0,1832.6500244140625,1880.9300537109375,1880.9300537109375,10399900,AMZN,2020-03-19,45.701027,35.2400016784668,0.0,1845.6900520324707
2020-03-20,1926.31005859375,1957.0,1820.72998046875,1846.0899658203125,1846.0899658203125,9817900,AMZN,2020-03-20,259.30347,272.8699951171875,0.0,1573.219970703125
2020-03-23,1827.75,1919.4000244140625,1812.0,1902.8299560546875,1902.8299560546875,7808500,AMZN,2020-03-23,59.35574,60.062500000000014,0.0,1842.7674560546875
2020-03-24,1951.5,1955.0,1900.3399658203125,1940.0999755859375,1940.0999755859375,7147100,AMZN,2020-03-24,25.90093,11.829999923706056,0.0,1928.2699756622314
2020-03-25,1920.68994140625,1950.260009765625,1885.780029296875,1885.8399658203125,1885.8399658203125,6479100,AMZN,2020-03-25,1187.9819,1357.510009765625,0.0,528.3299560546875
2020-03-26,1902.0,1956.489990234375,1889.2900390625,1955.489990234375,1955.489990234375,6221300,AMZN,2020-03-26,19.058317,10.9399995803833,0.0,1944.5499906539917
2020-03-27,1930.8599853515625,1939.7900390625,1899.9200439453125,1900.0999755859375,1900.0999755859375,5387900,AMZN,2020-03-27,35.488785,28.690000534057617,0.0,1871.4099750518799
2020-03-30,1922.8299560546875,1973.6300048828125,1912.3399658203125,1963.949951171875,1963.949951171875,6126100,AMZN,2020-03-30,87.733284,81.9000015258789,0.0,1882.049949645996
2020-03-31,1964.3499755859375,1993.02001953125,1944.010009765625,1949.719970703125,1949.719970703125,5123600,AMZN,2020-03-31,324.73303,326.44000244140625,0.0,1623.2799682617188
2020-04-01,1932.969970703125,1944.9599609375,1893.0,1907.699951171875,1907.699951171875,4121900,AMZN,2020-04-01,681.5048,593.0,0.0,1314.699951171875
2020-04-02,1901.6400146484375,1927.530029296875,1890.0,1918.8299560546875,1918.8299560546875,4336000,AMZN,2020-04-02,84.38493,68.30000305175781,0.0,1850.5299530029297
2020-04-03,1911.1500244140625,1926.3299560546875,1889.1500244140625,1906.5899658203125,1906.5899658203125,3609900,AMZN,2020-04-03,17.153969,11.760000228881836,0.0,1894.8299655914307
2020-04-06,1936.0,1998.52001953125,1930.02001953125,1997.5899658203125,1997.5899658203125,5773200,AMZN,2020-04-06,45.83632,35.68000030517578,0.0,1961.9099655151367
2020-04-07,2017.1099853515625,2035.719970703125,1997.6199951171875,2011.5999755859375,2011.5999755859375,5114000,AMZN,2020-04-07,77.904274,73.69000244140626,0.0,1937.9099731445312
2020-04-08,2021.0,2044.0,2011.1500244140625,2043.0,2043.0,3977300,AMZN,2020-04-08,1878.137,1822.6800537109375,0.0,220.3199462890625
2020-04-09,2044.300048828125,2053.0,2017.6600341796875,2042.760009765625,2042.760009765625,4646500,AMZN,2020-04-09,229.57875,253.270004272461,0.0,1789.490005493164
2020-04-13,2040.0,2180.0,2038.0,2168.8701171875,2168.8701171875,6716700,AMZN,2020-04-13,59.54742,37.0,0.0,2131.8701171875
2020-04-14,2200.469970703125,2292.0,2186.2099609375,2283.320068359375,2283.320068359375,8087200,AMZN,2020-04-14,46.61209,41.68000030517578,0.0,2241.640068054199
2020-04-15,2257.679931640625,2333.3701171875,2245.0,2307.679931640625,2307.679931640625,6866600,AMZN,2020-04-15,750.3667,764.719970703125,0.0,1542.9599609375
2020-04-16,2346.0,2461.0,2335.0,2408.18994140625,2408.18994140625,12038200,AMZN,2020-04-16,236.67368,237.4199981689453,0.0,2170.7699432373047
2020-04-17,2372.330078125,2400.0,2316.02001953125,2375.0,2375.0,7930000,AMZN,2020-04-17,243.27908,252.0500030517578,0.0,2122.949996948242
2020-04-20,2389.949951171875,2444.97998046875,2386.050048828125,2393.610107421875,2393.610107421875,5770700,AMZN,2020-04-20,3234.3926,3156.969970703125,763.35986328125,0.0
2020-04-21,2416.610107421875,2428.31005859375,2279.659912109375,2328.1201171875,2328.1201171875,7476700,AMZN,2020-04-21,45.46837,41.5099983215332,0.0,2286.610118865967
2020-04-22,2369.0,2394.0,2351.0,2363.489990234375,2363.489990234375,4212200,AMZN,2020-04-22,55.905266,59.18750000000001,0.0,2304.302490234375
2020-04-23,2399.97998046875,2424.219970703125,2382.080078125,2399.449951171875,2399.449951171875,5066600,AMZN,2020-04-23,1879.4308,1870.300048828125,0.0,529.14990234375
2020-04-24,2417.0,2420.429931640625,2382.0,2410.219970703125,2410.219970703125,3824900,AMZN,2020-04-24,133.24069,113.4300003051758,0.0,2296.789970397949
2020-04-27,2443.199951171875,2444.8798828125,2363.0,2376.0,2376.0,5645600,AMZN,2020-04-27,22.205988,16.690000534057617,0.0,2359.3099994659424
2020-04-28,2372.10009765625,2373.5,2306.0,2314.080078125,2314.080078125,5269400,AMZN,2020-04-28,44.656666,34.630001068115234,0.0,2279.4500770568848
2020-04-29,2330.010009765625,2391.889892578125,2310.0,2372.7099609375,2372.7099609375,4591600,AMZN,2020-04-29,1812.661,1754.9100341796875,0.0,617.7999267578125
2020-04-30,2419.840087890625,2475.0,2396.010009765625,2474.0,2474.0,9534600,AMZN,2020-04-30,278.7699,271.6700134277344,0.0,2202.3299865722656
2020-05-01,2336.800048828125,2362.43994140625,2258.18994140625,2286.0400390625,2286.0400390625,9772600,AMZN,2020-05-01,26.313381,20.708332061767575,0.0,2265.3317070007324
2020-05-04,2256.3798828125,2326.97998046875,2256.3798828125,2315.989990234375,2315.989990234375,4865900,AMZN,2020-05-04,21.761187,15.380000114440918,0.0,2300.609990119934
2020-05-05,2340.0,2351.0,2307.1298828125,2317.800048828125,2317.800048828125,3242500,AMZN,2020-05-05,46.260708,40.939998626708984,0.0,2276.860050201416
2020-05-06,2329.43994140625,2357.449951171875,2320.0,2351.260009765625,2351.260009765625,3117800,AMZN,2020-05-06,1204.287,1402.050048828125,0.0,949.2099609375
2020-05-07,2374.780029296875,2376.0,2343.110107421875,2367.610107421875,2367.610107421875,3396400,AMZN,2020-05-07,88.27916,87.75000000000001,0.0,2279.860107421875
2020-05-08,2372.139892578125,2387.239990234375,2357.0,2379.610107421875,2379.610107421875,3206600,AMZN,2020-05-08,31.881084,25.540000915527344,0.0,2354.0701065063477
2020-05-11,2374.699951171875,2419.669921875,2372.110107421875,2409.0,2409.0,3259200,AMZN,2020-05-11,329.77377,342.3800048828125,0.0,2066.6199951171875
2020-05-12,2411.85009765625,2419.0,2355.0,2356.949951171875,2356.949951171875,3074900,AMZN,2020-05-12,20.553026,15.810000419616697,0.0,2341.1399507522583
2020-05-13,2366.800048828125,2407.699951171875,2337.800048828125,2367.919921875,2367.919921875,4782900,AMZN,2020-05-13,988.705,957.0999755859376,0.0,1410.8199462890625
2020-05-14,2361.010009765625,2391.3701171875,2353.2099609375,2388.85009765625,2388.85009765625,3648100,AMZN,2020-05-14,1687.3936,1640.0,0.0,748.85009765625
2020-05-15,2368.52001953125,2411.0,2356.3701171875,2409.780029296875,2409.780029296875,4235000,AMZN,2020-05-15,51.705822,42.79999923706055,0.0,2366.9800300598145
2020-05-18,2404.35009765625,2433.0,2384.010009765625,2426.260009765625,2426.260009765625,4357200,AMZN,2020-05-18,74.75679,66.25,0.0,2360.010009765625
2020-05-19,2429.830078125,2485.0,2428.969970703125,2449.330078125,2449.330078125,4320500,AMZN,2020-05-19,1677.3086,1626.22998046875,0.0,823.10009765625
2020-05-20,2477.8701171875,2500.010009765625,2467.27001953125,2497.93994140625,2497.93994140625,3998100,AMZN,2020-05-20,54.52205,48.560001373291016,0.0,2449.379940032959
2020-05-21,2500.0,2525.449951171875,2442.5400390625,2446.739990234375,2446.739990234375,5114400,AMZN,2020-05-21,1940.713,1815.4799804687498,0.0,631.2600097656252
2020-05-22,2455.010009765625,2469.85009765625,2430.1298828125,2436.8798828125,2436.8798828125,2867100,AMZN,2020-05-22,961.5316,980.3499755859376,0.0,1456.5299072265625
2020-05-26,2458.0,2462.0,2414.06005859375,2421.860107421875,2421.860107421875,3568200,AMZN,2020-05-26,961.0932,964.6500244140624,0.0,1457.2100830078125
2020-05-27,2404.989990234375,2413.580078125,2330.0,2410.389892578125,2410.389892578125,5056900,AMZN,2020-05-27,3215.023,3399.43994140625,989.050048828125,0.0
2020-05-28,2384.330078125,2436.969970703125,2378.22998046875,2401.10009765625,2401.10009765625,3190200,AMZN,2020-05-28,132.66235,122.41999816894533,0.0,2278.6800994873047
2020-05-29,2415.93994140625,2442.3701171875,2398.199951171875,2442.3701171875,2442.3701171875,3509900,AMZN,2020-05-29,86.702415,102.5,0.0,2339.8701171875
2020-06-01,2448.0,2476.929931640625,2444.169921875,2471.0400390625,2471.0400390625,2928900,AMZN,2020-06-01,2171.6296,1785.0,0.0,686.0400390625
2020-06-02,2467.0,2473.530029296875,2445.31005859375,2472.409912109375,2472.409912109375,2529900,AMZN,2020-06-02,86.83934,67.0,0.0,2405.409912109375
2020-06-03,2468.010009765625,2488.0,2461.169921875,2478.39990234375,2478.39990234375,2671000,AMZN,2020-06-03,38.899178,35.22999954223633,0.0,2443.1699028015137
2020-06-04,2477.429931640625,2507.5400390625,2450.010009765625,2460.60009765625,2460.60009765625,2948700,AMZN,2020-06-04,3206.9172,3161.0,700.39990234375,0.0
2020-06-05,2444.510009765625,2488.64990234375,2437.1298828125,2483.0,2483.0,3306400,AMZN,2020-06-05,12.749612,4.5208330154418945,0.0,2478.479166984558
2020-06-08,2500.199951171875,2530.0,2487.340087890625,2524.06005859375,2524.06005859375,3970700,AMZN,2020-06-08,51.02276,35.689998626708984,0.0,2488.370059967041
2020-06-09,2529.43994140625,2626.429931640625,2525.0,2600.860107421875,2600.860107421875,5176000,AMZN,2020-06-09,959.98364,1006.3400268554686,0.0,1594.5200805664062
2020-06-10,2645.0,2722.35009765625,2626.260009765625,2647.449951171875,2647.449951171875,4946000,AMZN,2020-06-10,447.60544,427.6300048828125,0.0,2219.8199462890625
2020-06-11,2603.5,2671.3798828125,2536.22998046875,2557.9599609375,2557.9599609375,5800100,AMZN,2020-06-11,1684.8254,1512.2900390625,0.0,1045.669921875
2020-06-12,2601.2099609375,2621.47998046875,2503.35009765625,2545.02001953125,2545.02001953125,5436100,AMZN,2020-06-12,2341.7385,2409.0,0.0,136.02001953125
2020-06-15,2526.60009765625,2584.0,2508.0,2572.679931640625,2572.679931640625,3865100,AMZN,2020-06-15,61.682034,60.99999999999999,0.0,2511.679931640625
2020-06-16,2620.0,2620.0,2576.0,2615.27001953125,2615.27001953125,3585600,AMZN,2020-06-16,1511.0201,1571.6800537109375,0.0,1043.5899658203125
2020-06-17,2647.5,2655.0,2631.820068359375,2640.97998046875,2640.97998046875,2959300,AMZN,2020-06-17,420.74203,426.0,0.0,2214.97998046875
2020-06-18,2647.010009765625,2659.639892578125,2636.110107421875,2653.97998046875,2653.97998046875,2487800,AMZN,2020-06-18,11.55334,4.2708330154418945,0.0,2649.709147453308
2020-06-19,2678.080078125,2697.429931640625,2659.0,2675.010009765625,2675.010009765625,5777000,AMZN,2020-06-19,19.71079,14.364583015441896,0.0,2660.645426750183
2020-06-22,2684.5,2715.0,2669.0,2713.820068359375,2713.820068359375,3208800,AMZN,2020-06-22,50.925762,34.689998626708984,0.0,2679.130069732666
2020-06-23,2726.02001953125,2783.110107421875,2718.0400390625,2764.409912109375,2764.409912109375,4231700,AMZN,2020-06-23,155.75523,155.39999389648438,0.0,2609.0099182128906
2020-06-24,2780.0,2796.0,2721.0,2734.39990234375,2734.39990234375,4526600,AMZN,2020-06-24,762.95874,765.1500244140625,0.0,1969.2498779296875
2020-06-25,2739.550048828125,2756.22998046875,2712.139892578125,2754.580078125,2754.580078125,2968700,AMZN,2020-06-25,968.8982,1046.0,0.0,1708.580078125
2020-06-26,2775.06005859375,2782.570068359375,2688.0,2692.8701171875,2692.8701171875,6500800,AMZN,2020-06-26,52.26001,38.349998474121094,0.0,2654.520118713379
2020-06-29,2690.010009765625,2696.800048828125,2630.080078125,2680.3798828125,2680.3798828125,4223400,AMZN,2020-06-29,42.0292,38.150001525878906,0.0,2642.229881286621
2020-06-30,2685.070068359375,2769.6298828125,2675.030029296875,2758.820068359375,2758.820068359375,3769700,AMZN,2020-06-30,171.60458,158.6699981689453,0.0,2600.1500701904297
2020-07-01,2757.989990234375,2895.0,2754.0,2878.699951171875,2878.699951171875,6363400,AMZN,2020-07-01,149.84169,127.61000061035158,0.0,2751.0899505615234
2020-07-02,2912.010009765625,2955.56005859375,2871.10009765625,2890.300048828125,2890.300048828125,6593400,AMZN,2020-07-02,48.912266,38.65999984741211,0.0,2851.640048980713
2020-07-06,2934.969970703125,3059.8798828125,2930.0,3057.0400390625,3057.0400390625,6880600,AMZN,2020-07-06,1959.233,1898.5300292968748,0.0,1158.5100097656252
2020-07-07,3058.550048828125,3069.550048828125,2990.0,3000.1201171875,3000.1201171875,5257500,AMZN,2020-07-07,17.83264,7.480000019073486,0.0,2992.6401171684265
2020-07-08,3022.610107421875,3083.969970703125,3012.429931640625,3081.110107421875,3081.110107421875,5037600,AMZN,2020-07-08,164.37915,166.83999633789062,0.0,2914.2701110839844
2020-07-09,3115.989990234375,3193.8798828125,3074.0,3182.6298828125,3182.6298828125,6388700,AMZN,2020-07-09,322.4873,310.8900146484375,0.0,2871.7398681640625
2020-07-10,3191.760009765625,3215.0,3135.699951171875,3200.0,3200.0,5486000,AMZN,2020-07-10,444.26712,488.2699890136719,0.0,2711.730010986328
2020-07-13,3251.06005859375,3344.2900390625,3068.389892578125,3104.0,3104.0,7720400,AMZN,2020-07-13,1633.679,1620.800048828125,0.0,1483.199951171875
2020-07-14,3089.0,3127.3798828125,2950.0,3084.0,3084.0,7231900,AMZN,2020-07-14,552.7079,463.3699951171875,0.0,2620.6300048828125
2020-07-15,3080.22998046875,3098.35009765625,2973.179931640625,3008.8701171875,3008.8701171875,5788900,AMZN,2020-07-15,1321.5511,1350.5,0.0,1658.3701171875
2020-07-16,2971.06005859375,3032.0,2918.22998046875,2999.89990234375,2999.89990234375,6394200,AMZN,2020-07-16,1924.365,1869.0,0.0,1130.89990234375
2020-07-17,3009.0,3024.0,2948.449951171875,2961.969970703125,2961.969970703125,4761300,AMZN,2020-07-17,44.98072,34.470001220703125,0.0,2927.499969482422
2020-07-20,3000.199951171875,3201.360107421875,2994.02001953125,3196.840087890625,3196.840087890625,7598200,AMZN,2020-07-20,44.36257,26.88999938964844,0.0,3169.9500885009766
2020-07-21,3232.489990234375,3240.580078125,3105.719970703125,3138.2900390625,3138.2900390625,6121300,AMZN,2020-07-21,73.44479,79.93750000000001,0.0,3058.3525390625
2020-07-22,3125.0,3150.0,3065.260009765625,3099.909912109375,3099.909912109375,4104200,AMZN,2020-07-22,211.59473,217.2599945068359,0.0,2882.649917602539
2020-07-23,3098.27001953125,3098.27001953125,2970.0,2986.550048828125,2986.550048828125,5656900,AMZN,2020-07-23,23.732943,18.229999542236328,0.0,2968.3200492858887
2020-07-24,2930.0,3031.580078125,2888.0,3008.909912109375,3008.909912109375,5632400,AMZN,2020-07-24,54.539986,38.29999923706055,0.0,2970.6099128723145
2020-07-27,3062.0,3098.0,3015.77001953125,3055.2099609375,3055.2099609375,4170500,AMZN,2020-07-27,195.6439,173.52999877929688,0.0,2881.679962158203
2020-07-28,3054.27001953125,3077.090087890625,2995.760009765625,3000.330078125,3000.330078125,3126700,AMZN,2020-07-28,263.66275,264.7699890136719,0.0,2735.560089111328
2020-07-29,3030.989990234375,3039.159912109375,2996.77001953125,3033.530029296875,3033.530029296875,2974100,AMZN,2020-07-29,1810.1599,1818.510009765625,0.0,1215.02001953125
2020-07-30,3014.0,3092.0,3005.0,3051.8798828125,3051.8798828125,6128300,AMZN,2020-07-30,45.508766,38.939998626708984,0.0,3012.939884185791
2020-07-31,3244.0,3246.820068359375,3151.0,3164.679931640625,3164.679931640625,8085500,AMZN,2020-07-31,987.7,979.4699707031251,0.0,2185.2099609375
2020-08-03,3180.510009765625,3184.0,3104.0,3111.889892578125,3111.889892578125,5074700,AMZN,2020-08-03,185.74413,204.3800048828125,0.0,2907.5098876953125
2020-08-04,3101.2099609375,3167.239990234375,3101.2099609375,3138.830078125,3138.830078125,4694300,AMZN,2020-08-04,16.387875,7.90625,0.0,3130.923828125
2020-08-05,3143.77001953125,3213.590087890625,3127.300048828125,3205.030029296875,3205.030029296875,3916500,AMZN,2020-08-05,20.020353,14.010000228881838,0.0,3191.020029067993
2020-08-06,3194.360107421875,3247.469970703125,3165.429931640625,3225.0,3225.0,3940600,AMZN,2020-08-06,855.69574,822.5900268554688,0.0,2402.4099731445312
2020-08-07,3224.010009765625,3240.81005859375,3140.669921875,3167.4599609375,3167.4599609375,3936100,AMZN,2020-08-07,16.381142,15.447916984558104,0.0,3152.012043952942
2020-08-10,3170.31005859375,3172.510009765625,3101.52001953125,3148.159912109375,3148.159912109375,3167300,AMZN,2020-08-10,345.7825,333.54998779296875,0.0,2814.6099243164062
2020-08-11,3113.199951171875,3159.219970703125,3073.0,3080.669921875,3080.669921875,3718100,AMZN,2020-08-11,1920.0258,1964.5200195312498,0.0,1116.1499023437502
2020-08-12,3108.0,3174.389892578125,3101.419921875,3162.239990234375,3162.239990234375,3522100,AMZN,2020-08-12,53.13152,60.58000183105469,0.0,3101.6599884033203
2020-08-13,3182.989990234375,3217.52001953125,3155.0,3161.02001953125,3161.02001953125,3149000,AMZN,2020-08-13,10.067336,3.2395830154418945,0.0,3157.780436515808
2020-08-14,3178.179931640625,3178.239990234375,3120.0,3148.02001953125,3148.02001953125,2751700,AMZN,2020-08-14,66.34277,56.46875,0.0,3091.55126953125
2020-08-17,3173.1201171875,3194.969970703125,3154.179931640625,3182.409912109375,3182.409912109375,2691200,AMZN,2020-08-17,145.68509,131.2899932861328,0.0,3051.119918823242
2020-08-18,3212.0,3320.0,3205.820068359375,3312.489990234375,3312.489990234375,5346000,AMZN,2020-08-18,24.482283,16.15999984741211,0.0,3296.329990386963
2020-08-19,3303.010009765625,3315.89990234375,3256.0,3260.47998046875,3260.47998046875,4185100,AMZN,2020-08-19,99.42971,90.58000183105467,0.0,3169.8999786376953
2020-08-20,3252.0,3312.6201171875,3238.0,3297.3701171875,3297.3701171875,3332500,AMZN,2020-08-20,43.8679,36.88999938964844,0.0,3260.4801177978516
2020-08-21,3295.0,3314.39990234375,3275.389892578125,3284.719970703125,3284.719970703125,3575900,AMZN,2020-08-21,41.22242,34.63999938964844,0.0,3250.0799713134766
2020-08-24,3310.14990234375,3380.320068359375,3257.56005859375,3307.4599609375,3307.4599609375,4666300,AMZN,2020-08-24,2420.2803,2426.260009765625,0.0,881.199951171875
2020-08-25,3294.989990234375,3357.39990234375,3267.0,3346.489990234375,3346.489990234375,3992800,AMZN,2020-08-25,303.84402,312.54998779296875,0.0,3033.9400024414062
2020-08-26,3351.110107421875,3451.739990234375,3344.570068359375,3441.85009765625,3441.85009765625,6508700,AMZN,2020-08-26,862.82904,909.2800292968749,0.0,2532.570068359375
2020-08-27,3450.050048828125,3453.0,3378.0,3400.0,3400.0,4264800,AMZN,2020-08-27,1554.2981,1503.8299560546875,0.0,1896.1700439453125
2020-08-28,3423.0,3433.3701171875,3386.5,3401.800048828125,3401.800048828125,2897000,AMZN,2020-08-28,3263.0637,3104.25,0.0,297.550048828125
2020-08-31,3408.989990234375,3495.0,3405.0,3450.9599609375,3450.9599609375,4185900,AMZN,2020-08-31,51.942295,64.28125000000001,0.0,3386.6787109375
2020-09-01,3489.580078125,3513.8701171875,3467.0,3499.1201171875,3499.1201171875,3432200,AMZN,2020-09-01,1161.9502,1189.010009765625,0.0,2310.110107421875
2020-09-02,3547.0,3552.25,3486.68994140625,3531.449951171875,3531.449951171875,3931500,AMZN,2020-09-02,224.80266,211.6999969482422,0.0,3319.749954223633
2020-09-03,3485.0,3488.409912109375,3303.0,3368.0,3368.0,8161100,AMZN,2020-09-03,130.87798,110.05999755859378,0.0,3257.9400024414062
2020-09-04,3318.0,3381.5,3111.1298828125,3294.6201171875,3294.6201171875,8781800,AMZN,2020-09-04,1048.4559,982.739990234375,0.0,2311.880126953125
2020-09-08,3144.0,3250.85009765625,3130.0,3149.840087890625,3149.840087890625,6094200,AMZN,2020-09-08,280.1746,255.47999572753906,0.0,2894.360092163086
2020-09-09,3202.989990234375,3303.179931640625,3185.0,3268.610107421875,3268.610107421875,5188700,AMZN,2020-09-09,83.3057,62.7400016784668,0.0,3205.870105743408
2020-09-10,3307.219970703125,3349.889892578125,3170.550048828125,3175.110107421875,3175.110107421875,5330700,AMZN,2020-09-10,1647.6195,1819.260009765625,0.0,1355.85009765625
2020-09-11,3208.68994140625,3217.340087890625,3083.97998046875,3116.219970703125,3116.219970703125,5094000,AMZN,2020-09-11,2476.0437,2653.97998046875,0.0,462.239990234375
2020-09-14,3172.93994140625,3187.389892578125,3096.0,3102.969970703125,3102.969970703125,4529600,AMZN,2020-09-14,3232.177,3184.93994140625,81.969970703125,0.0
2020-09-15,3136.159912109375,3175.02001953125,3108.919921875,3156.1298828125,3156.1298828125,4021500,AMZN,2020-09-15,33.705,14.3125,0.0,3141.8173828125
2020-09-16,3179.989990234375,3187.239990234375,3074.14990234375,3078.10009765625,3078.10009765625,4512200,AMZN,2020-09-16,80.77708,70.81250000000001,0.0,3007.28759765625
2020-09-17,3009.25,3029.429931640625,2972.550048828125,3008.72998046875,3008.72998046875,6449100,AMZN,2020-09-17,614.5435,574.8099975585938,0.0,2433.9199829101562
2020-09-18,3031.739990234375,3037.800048828125,2905.5400390625,2954.909912109375,2954.909912109375,8892600,AMZN,2020-09-18,47.527416,30.812500000000004,0.0,2924.097412109375
2020-09-21,2906.5,2962.0,2871.0,2960.469970703125,2960.469970703125,6117900,AMZN,2020-09-21,550.55756,558.9299926757812,0.0,2401.5399780273438
2020-09-22,3033.840087890625,3133.989990234375,3000.199951171875,3128.989990234375,3128.989990234375,6948800,AMZN,2020-09-22,152.13942,158.99000549316406,0.0,2969.999984741211
2020-09-23,3120.429931640625,3127.0,2992.3798828125,2999.860107421875,2999.860107421875,5652700,AMZN,2020-09-23,2613.6082,3000.1201171875,0.0,-0.260009765625
2020-09-24,2977.7900390625,3069.300048828125,2965.0,3019.7900390625,3019.7900390625,5529400,AMZN,2020-09-24,611.2224,552.9400024414062,0.0,2466.8500366210938
2020-09-25,3054.860107421875,3101.5400390625,2999.0,3095.1298828125,3095.1298828125,4615200,AMZN,2020-09-25,218.83751,222.16000366210932,0.0,2872.9698791503906
2020-09-28,3148.85009765625,3175.0400390625,3117.169921875,3174.050048828125,3174.050048828125,4224200,AMZN,2020-09-28,3208.1843,3443.6298828125,269.579833984375,0.0
2020-09-29,3175.389892578125,3188.260009765625,3132.5400390625,3144.8798828125,3144.8798828125,3495800,AMZN,2020-09-29,77.961716,77.30000305175783,0.0,3067.579879760742
2020-09-30,3141.139892578125,3212.8798828125,3133.989990234375,3148.72998046875,3148.72998046875,4896100,AMZN,2020-09-30,16.822104,5.96999979019165,0.0,3142.7599806785583
2020-10-01,3208.0,3224.0,3172.0,3221.260009765625,3221.260009765625,4971900,AMZN,2020-10-01,1935.1945,1973.8199462890625,0.0,1247.4400634765625
2020-10-02,3153.6298828125,3195.800048828125,3123.0,3125.0,3125.0,5613100,AMZN,2020-10-02,335.24786,324.7799987792969,0.0,2800.220001220703
2020-10-05,3145.840087890625,3202.530029296875,3140.85009765625,3199.199951171875,3199.199951171875,3775300,AMZN,2020-10-05,1840.973,1896.199951171875,0.0,1303.0
2020-10-06,3165.0,3182.0,3090.0,3099.9599609375,3099.9599609375,5086900,AMZN,2020-10-06,47.748737,41.38999938964844,0.0,3058.5699615478516
2020-10-07,3135.0,3200.0,3132.389892578125,3195.68994140625,3195.68994140625,4309400,AMZN,2020-10-07,776.2303,807.47998046875,0.0,2388.2099609375
2020-10-08,3224.989990234375,3233.2900390625,3174.989990234375,3190.550048828125,3190.550048828125,3174100,AMZN,2020-10-08,829.5618,819.7100219726562,0.0,2370.8400268554688
2020-10-09,3210.0,3288.989990234375,3197.830078125,3286.64990234375,3286.64990234375,4907900,AMZN,2020-10-09,2019.5973,2012.97998046875,0.0,1273.669921875
2020-10-12,3349.93994140625,3496.239990234375,3339.550048828125,3442.929931640625,3442.929931640625,8364200,AMZN,2020-10-12,81.08333,78.65000152587892,0.0,3364.279930114746
2020-10-13,3467.989990234375,3492.3798828125,3424.219970703125,3443.6298828125,3443.6298828125,5744700,AMZN,2020-10-13,1895.4532,2149.8701171875,0.0,1293.759765625
2020-10-14,3447.0,3464.8798828125,3340.0,3363.7099609375,3363.7099609375,5812700,AMZN,2020-10-14,99.76208,83.5800018310547,0.0,3280.1299591064453
2020-10-15,3292.010009765625,3355.8798828125,3280.0,3338.64990234375,3338.64990234375,5223400,AMZN,2020-10-15,376.9099,385.3699951171875,0.0,2953.2799072265625
2020-10-16,3363.22998046875,3399.659912109375,3160.0,3272.7099609375,3272.7099609375,6474400,AMZN,2020-10-16,64.30787,66.90625,0.0,3205.8037109375
2020-10-19,3299.610107421875,3329.0,3192.739990234375,3207.2099609375,3207.2099609375,5223600,AMZN,2020-10-19,49.496567,44.630001068115234,0.0,3162.5799598693848
2020-10-20,3222.280029296875,3266.0,3192.010009765625,3217.010009765625,3217.010009765625,4509700,AMZN,2020-10-20,51.618343,47.959999084472656,0.0,3169.0500106811523
2020-10-21,3212.5,3233.8798828125,3160.0,3184.93994140625,3184.93994140625,4592700,AMZN,2020-10-21,19.877985,10.416666984558104,0.0,3174.523274421692
2020-10-22,3189.8701171875,3198.75,3121.93994140625,3176.39990234375,3176.39990234375,4212000,AMZN,2020-10-22,12.639963,4.4895830154418945,0.0,3171.910319328308
2020-10-23,3191.0,3205.330078125,3140.0,3204.39990234375,3204.39990234375,3466700,AMZN,2020-10-23,76.403595,50.9375,0.0,3153.46240234375
2020-10-26,3198.739990234375,3282.97998046875,3153.300048828125,3207.0400390625,3207.0400390625,5901200,AMZN,2020-10-26,2608.4355,3057.0400390625,0.0,150.0
2020-10-27,3224.93994140625,3291.659912109375,3211.300048828125,3286.330078125,3286.330078125,4291000,AMZN,2020-10-27,129.88759,117.51999664306639,0.0,3168.8100814819336
2020-10-28,3249.300048828125,3264.02001953125,3162.469970703125,3162.780029296875,3162.780029296875,5588300,AMZN,2020-10-28,2045.1227,1883.7499999999998,0.0,1279.0300292968752
2020-10-29,3201.27001953125,3257.25,3164.0,3211.010009765625,3211.010009765625,6596500,AMZN,2020-10-29,271.5083,268.92999267578125,0.0,2942.0800170898438
2020-10-30,3157.75,3167.0,3019.0,3036.14990234375,3036.14990234375,8386400,AMZN,2020-10-30,1679.7391,1640.260009765625,0.0,1395.889892578125
2020-11-02,3061.739990234375,3079.7099609375,2950.1201171875,3004.47998046875,3004.47998046875,7257400,AMZN,2020-11-02,1599.594,1683.989990234375,0.0,1320.489990234375
2020-11-03,3018.530029296875,3074.89990234375,2980.97998046875,3048.409912109375,3048.409912109375,4897900,AMZN,2020-11-03,384.4449,370.5799865722656,0.0,2677.8299255371094
2020-11-04,3159.989990234375,3244.85009765625,3139.72998046875,3241.159912109375,3241.159912109375,6839000,AMZN,2020-11-04,3234.0469,3236.080078125,0.0,5.079833984375
2020-11-05,3319.969970703125,3366.800048828125,3288.8798828125,3322.0,3322.0,5789300,AMZN,2020-11-05,60.38232,49.630001068115234,0.0,3272.3699989318848
2020-11-06,3304.639892578125,3322.0,3232.0,3311.3701171875,3311.3701171875,4647300,AMZN,2020-11-06,74.644905,60.46875,0.0,3250.9013671875
2020-11-09,3231.030029296875,3289.0,3112.110107421875,3143.739990234375,3143.739990234375,7190400,AMZN,2020-11-09,142.26617,139.35000610351562,0.0,3004.3899841308594
2020-11-10,3095.02001953125,3114.0,3019.47998046875,3035.02001953125,3035.02001953125,6591000,AMZN,2020-11-10,236.34505,229.7100067138672,0.0,2805.310012817383
2020-11-11,3061.780029296875,3139.14990234375,3050.0,3137.389892578125,3137.389892578125,4366900,AMZN,2020-11-11,319.4389,289.44000244140625,0.0,2847.9498901367188
2020-11-12,3159.949951171875,3175.8798828125,3086.050048828125,3110.280029296875,3110.280029296875,4362000,AMZN,2020-11-12,679.4146,570.1799926757812,0.0,2540.1000366210938
2020-11-13,3122.0,3141.719970703125,3085.389892578125,3128.81005859375,3128.81005859375,3756200,AMZN,2020-11-13,1487.726,1591.0,0.0,1537.81005859375
2020-11-16,3093.199951171875,3142.699951171875,3072.68994140625,3131.06005859375,3131.06005859375,3808700,AMZN,2020-11-16,539.79706,517.5399780273438,0.0,2613.5200805664062
2020-11-17,3183.5400390625,3189.25,3135.260009765625,3135.659912109375,3135.659912109375,3444700,AMZN,2020-11-17,196.07866,199.66000366210935,0.0,2935.9999084472656
2020-11-18,3134.0,3140.0,3105.10009765625,3105.4599609375,3105.4599609375,2916800,AMZN,2020-11-18,986.77905,950.8699951171875,0.0,2154.5899658203125
2020-11-19,3105.31005859375,3125.0,3080.919921875,3117.02001953125,3117.02001953125,3010300,AMZN,2020-11-19,18.362814,10.710000038146973,0.0,3106.310019493103
2020-11-20,3117.02001953125,3132.889892578125,3098.050048828125,3099.39990234375,3099.39990234375,3374400,AMZN,2020-11-20,380.2864,389.7999877929687,0.0,2709.5999145507812
2020-11-23,3116.699951171875,3139.75,3065.4599609375,3098.389892578125,3098.389892578125,4708900,AMZN,2020-11-23,3315.3682,3306.3701171875,207.980224609375,0.0
2020-11-24,3100.5,3134.25,3086.260009765625,3118.06005859375,3118.06005859375,3602100,AMZN,2020-11-24,55.102013,42.439998626708984,0.0,3075.620059967041
2020-11-25,3141.8701171875,3198.0,3140.260009765625,3185.070068359375,3185.070068359375,3790400,AMZN,2020-11-25,82.60531,48.720001220703125,0.0,3136.350067138672
2020-11-27,3211.260009765625,3216.18994140625,3190.050048828125,3195.340087890625,3195.340087890625,2392900,AMZN,2020-11-27,440.09418,423.5,0.0,2771.840087890625
2020-11-30,3208.47998046875,3228.389892578125,3125.550048828125,3168.0400390625,3168.0400390625,4063900,AMZN,2020-11-30,48.64418,45.20000076293945,0.0,3122.8400382995605
2020-12-01,3188.5,3248.949951171875,3157.179931640625,3220.080078125,3220.080078125,4537000,AMZN,2020-12-01,286.64236,269.75,0.0,2950.330078125
2020-12-02,3221.64990234375,3232.0,3173.260009765625,3203.530029296875,3203.530029296875,3129300,AMZN,2020-12-02,32.21671,16.375,0.0,3187.155029296875
2020-12-03,3205.4599609375,3228.639892578125,3181.31005859375,3186.72998046875,3186.72998046875,2892000,AMZN,2020-12-03,27.818167,21.780000686645508,0.0,3164.9499797821045
2020-12-04,3198.2099609375,3198.2099609375,3158.760009765625,3162.580078125,3162.580078125,2913600,AMZN,2020-12-04,85.51467,64.08999633789064,0.0,3098.4900817871094
2020-12-07,3156.47998046875,3180.760009765625,3141.68994140625,3158.0,3158.0,2751300,AMZN,2020-12-07,24.304777,10.119999885559082,0.0,3147.880000114441
2020-12-08,3158.89990234375,3184.1298828125,3120.02001953125,3177.2900390625,3177.2900390625,3286300,AMZN,2020-12-08,46.050724,48.849998474121094,0.0,3128.440040588379
2020-12-09,3167.889892578125,3174.429931640625,3088.0,3104.199951171875,3104.199951171875,4100800,AMZN,2020-12-09,858.31866,847.3800048828125,0.0,2256.8199462890625
2020-12-10,3088.989990234375,3142.10009765625,3076.0,3101.489990234375,3101.489990234375,3030200,AMZN,2020-12-10,58.87872,44.93000030517578,0.0,3056.559989929199
2020-12-11,3096.659912109375,3118.669921875,3072.820068359375,3116.419921875,3116.419921875,3064700,AMZN,2020-12-11,22.90036,16.979999542236328,0.0,3099.4399223327637
2020-12-14,3143.0,3190.469970703125,3126.0,3156.969970703125,3156.969970703125,4155800,AMZN,2020-12-14,48.530193,46.189998626708984,0.0,3110.779972076416
2020-12-15,3181.010009765625,3188.5,3130.489990234375,3165.1201171875,3165.1201171875,3319500,AMZN,2020-12-15,40.24731,33.779998779296875,0.0,3131.340118408203
2020-12-16,3176.010009765625,3247.0,3163.679931640625,3240.9599609375,3240.9599609375,4427600,AMZN,2020-12-16,1012.1744,1094.219970703125,0.0,2146.739990234375
2020-12-17,3250.0,3263.510009765625,3221.0,3236.080078125,3236.080078125,3474300,AMZN,2020-12-17,2476.2793,2675.010009765625,0.0,561.070068359375
2020-12-18,3243.989990234375,3249.419921875,3171.60009765625,3201.64990234375,3201.64990234375,5995700,AMZN,2020-12-18,97.66197,79.76000213623047,0.0,3121.8899002075195
2020-12-21,3200.010009765625,3226.969970703125,3166.0,3206.179931640625,3206.179931640625,3836800,AMZN,2020-12-21,88.70145,94.20999908447267,0.0,3111.9699325561523
2020-12-22,3202.840087890625,3222.0,3180.080078125,3206.52001953125,3206.52001953125,2369400,AMZN,2020-12-22,104.43491,97.00000000000001,0.0,3109.52001953125
2020-12-23,3205.0,3210.1298828125,3184.169921875,3185.27001953125,3185.27001953125,2093800,AMZN,2020-12-23,196.38118,171.6699981689453,0.0,3013.6000213623047
2020-12-24,3193.89990234375,3202.0,3169.0,3172.68994140625,3172.68994140625,1451900,AMZN,2020-12-24,89.93475,90.30000305175781,0.0,3082.389938354492
2020-12-28,3194.0,3304.0,3172.68994140625,3283.9599609375,3283.9599609375,5686800,AMZN,2020-12-28,668.7888,657.9099731445312,0.0,2626.0499877929688
2020-12-29,3309.93994140625,3350.64990234375,3281.219970703125,3322.0,3322.0,4872900,AMZN,2020-12-29,296.30768,312.6499938964844,0.0,3009.3500061035156
2020-12-30,3341.0,3342.10009765625,3282.469970703125,3285.85009765625,3285.85009765625,3209300,AMZN,2020-12-30,20.840706,16.979999542236328,0.0,3268.8700981140137
2020-12-31,3275.0,3282.919921875,3241.199951171875,3256.929931640625,3256.929931640625,2957200,AMZN,2020-12-31,1623.6747,1692.4300537109375,0.0,1564.4998779296875
2021-01-04,3270.0,3272.0,3144.02001953125,3186.6298828125,3186.6298828125,4411400,AMZN,2021-01-04,24.712101,16.950000762939453,0.0,3169.6798820495605
2021-01-05,3166.010009765625,3223.3798828125,3165.06005859375,3218.510009765625,3218.510009765625,2655500,AMZN,2021-01-05,1198.24,1305.199951171875,0.0,1913.31005859375
2021-01-06,3146.47998046875,3197.510009765625,3131.159912109375,3138.3798828125,3138.3798828125,4394800,AMZN,2021-01-06,62.924175,58.87499999999999,0.0,3079.5048828125
2021-01-07,3157.0,3208.5400390625,3155.0,3162.159912109375,3162.159912109375,3514500,AMZN,2021-01-07,33.15718,31.700000762939453,0.0,3130.4599113464355
2021-01-08,3180.0,3190.639892578125,3142.199951171875,3182.699951171875,3182.699951171875,3537700,AMZN,2021-01-08,58.947865,63.860000610351555,0.0,3118.8399505615234
2021-01-11,3148.010009765625,3156.3798828125,3110.0,3114.2099609375,3114.2099609375,3683400,AMZN,2021-01-11,22.406586,11.510000228881836,0.0,3102.699960708618
2021-01-12,3120.0,3142.139892578125,3086.0,3120.830078125,3120.830078125,3514600,AMZN,2021-01-12,194.96477,204.17999267578125,0.0,2916.6500854492188
2021-01-13,3128.43994140625,3189.949951171875,3122.080078125,3165.889892578125,3165.889892578125,3321200,AMZN,2021-01-13,1656.2343,1764.77001953125,0.0,1401.119873046875
2021-01-14,3167.52001953125,3178.0,3120.590087890625,3127.469970703125,3127.469970703125,3070900,AMZN,2021-01-14,203.23799,212.8699951171875,0.0,2914.5999755859375
2021-01-15,3123.02001953125,3142.550048828125,3095.169921875,3104.25,3104.25,4244000,AMZN,2021-01-15,214.97792,189.52000427246097,0.0,2914.729995727539
2021-01-19,3107.0,3145.0,3096.0,3120.760009765625,3120.760009765625,3305100,AMZN,2021-01-19,182.18509,187.4199981689453,0.0,2933.3400115966797
2021-01-20,3181.989990234375,3279.800048828125,3175.0,3263.3798828125,3263.3798828125,5309800,AMZN,2021-01-20,11.189518,2.3177080154418945,0.0,3261.062174797058
2021-01-21,3293.0,3348.550048828125,3289.570068359375,3306.989990234375,3306.989990234375,4936100,AMZN,2021-01-21,382.43198,378.55999755859375,0.0,2928.4299926757812
2021-01-22,3304.31005859375,3321.909912109375,3283.159912109375,3292.22998046875,3292.22998046875,2821900,AMZN,2021-01-22,1496.3527,1608.0,0.0,1684.22998046875
2021-01-25,3328.5,3363.889892578125,3243.14990234375,3294.0,3294.0,3749800,AMZN,2021-01-25,14.477217,8.920000076293945,0.0,3285.079999923706
2021-01-26,3296.360107421875,3338.0,3282.8701171875,3326.1298828125,3326.1298828125,2955200,AMZN,2021-01-26,224.58063,230.80999755859378,0.0,3095.3198852539062
2021-01-27,3341.489990234375,3346.52001953125,3207.080078125,3232.580078125,3232.580078125,4660200,AMZN,2021-01-27,90.69433,74.55999755859375,0.0,3158.0200805664062
2021-01-28,3235.0400390625,3301.679931640625,3228.68994140625,3237.6201171875,3237.6201171875,3149200,AMZN,2021-01-28,162.72858,162.5800018310547,0.0,3075.0401153564453
2021-01-29,3230.0,3236.989990234375,3184.550048828125,3206.199951171875,3206.199951171875,4293600,AMZN,2021-01-29,32.214424,22.299999237060547,0.0,3183.8999519348145
2021-02-01,3242.360107421875,3350.260009765625,3235.030029296875,3342.8798828125,3342.8798828125,4160200,AMZN,2021-02-01,305.65808,316.010009765625,0.0,3026.869873046875
2021-02-02,3380.0,3427.739990234375,3361.1298828125,3380.0,3380.0,7098600,AMZN,2021-02-02,95.26911,88.66999816894531,0.0,3291.3300018310547
2021-02-03,3425.010009765625,3434.0,3308.6201171875,3312.530029296875,3312.530029296875,7088800,AMZN,2021-02-03,93.08508,80.90000152587892,0.0,3231.630027770996
2021-02-04,3330.0,3347.0,3277.75,3331.0,3331.0,3670700,AMZN,2021-02-04,1982.063,1770.719970703125,0.0,1560.280029296875
2021-02-05,3319.0,3377.0,3302.7099609375,3352.14990234375,3352.14990234375,3620800,AMZN,2021-02-05,259.75287,257.989990234375,0.0,3094.159912109375
2021-02-08,3358.5,3365.0,3304.0,3322.93994140625,3322.93994140625,3257400,AMZN,2021-02-08,84.43646,79.0,0.0,3243.93994140625
2021-02-09,3312.489990234375,3338.0,3297.840087890625,3305.0,3305.0,2203500,AMZN,2021-02-09,187.62553,200.8000030517578,0.0,3104.199996948242
2021-02-10,3314.0,3317.949951171875,3254.0,3286.580078125,3286.580078125,3151600,AMZN,2021-02-10,48.90427,35.65999984741211,0.0,3250.920078277588
2021-02-11,3292.0,3292.0,3248.06005859375,3262.1298828125,3262.1298828125,2301400,AMZN,2021-02-11,1954.5164,1819.9599609375,0.0,1442.169921875
2021-02-12,3250.0,3280.25,3233.31005859375,3277.7099609375,3277.7099609375,2335300,AMZN,2021-02-12,340.94055,329.32000732421875,0.0,2948.3899536132812
2021-02-16,3254.050048828125,3308.300048828125,3253.590087890625,3268.949951171875,3268.949951171875,2574700,AMZN,2021-02-16,267.29865,248.22999572753906,0.0,3020.719955444336
2021-02-17,3263.60009765625,3320.909912109375,3259.5,3308.639892578125,3308.639892578125,3297500,AMZN,2021-02-17,222.3426,234.97000122070312,0.0,3073.669891357422
2021-02-18,3282.419921875,3338.0,3273.93994140625,3328.22998046875,3328.22998046875,3027400,AMZN,2021-02-18,1199.7258,1187.3800048828125,0.0,2140.8499755859375
2021-02-19,3328.22998046875,3333.5,3245.75,3249.89990234375,3249.89990234375,4305200,AMZN,2021-02-19,1763.5779,1619.43994140625,0.0,1630.4599609375
2021-02-22,3208.1298828125,3232.320068359375,3172.260009765625,3180.739990234375,3180.739990234375,3515700,AMZN,2021-02-22,10.303439,3.3020830154418945,0.0,3177.437907218933
2021-02-23,3127.030029296875,3204.72998046875,3093.60009765625,3194.5,3194.5,4677200,AMZN,2021-02-23,904.01013,949.0399780273438,0.0,2245.4600219726562
2021-02-24,3166.75,3171.22998046875,3125.3798828125,3159.530029296875,3159.530029296875,3011300,AMZN,2021-02-24,424.41498,429.2300109863281,0.0,2730.300018310547
2021-02-25,3136.739990234375,3178.260009765625,3047.760009765625,3057.159912109375,3057.159912109375,4533800,AMZN,2021-02-25,10.7803545,4.0,0.0,3053.159912109375
2021-02-26,3095.199951171875,3122.43994140625,3036.699951171875,3092.929931640625,3092.929931640625,4275900,AMZN,2021-02-26,65.17385,35.84000015258789,0.0,3057.089931488037
2021-03-01,3127.889892578125,3149.56005859375,3097.989990234375,3146.139892578125,3146.139892578125,2729100,AMZN,2021-03-01,725.5607,737.6099853515625,0.0,2408.5299072265625
2021-03-02,3143.469970703125,3163.52001953125,3087.1201171875,3094.530029296875,3094.530029296875,2595800,AMZN,2021-03-02,46.717873,40.439998626708984,0.0,3054.090030670166
2021-03-03,3081.179931640625,3107.780029296875,2995.0,3005.0,3005.0,3988700,AMZN,2021-03-03,42.068787,37.45000076293945,0.0,2967.5499992370605
2021-03-04,3012.0,3058.1298828125,2945.429931640625,2977.570068359375,2977.570068359375,5481600,AMZN,2021-03-04,58.48552,52.619998931884766,0.0,2924.9500694274902
2021-03-05,3005.0,3009.0,2881.0,3000.4599609375,3000.4599609375,5388600,AMZN,2021-03-05,98.48464,83.02999877929688,0.0,2917.429962158203
2021-03-08,3015.0,3064.590087890625,2951.31005859375,2951.949951171875,2951.949951171875,4185000,AMZN,2021-03-08,22.45219,10.529999732971191,0.0,2941.419951438904
2021-03-09,3017.989990234375,3090.9599609375,3005.14990234375,3062.85009765625,3062.85009765625,4030000,AMZN,2021-03-09,49.600563,50.349998474121094,0.0,3012.500099182129
2021-03-10,3098.449951171875,3116.4599609375,3030.050048828125,3057.639892578125,3057.639892578125,3012500,AMZN,2021-03-10,85.69325,86.27999877929689,0.0,2971.359893798828
2021-03-11,3104.010009765625,3131.780029296875,3082.929931640625,3113.590087890625,3113.590087890625,2776400,AMZN,2021-03-11,71.01892,73.44000244140625,0.0,3040.1500854492188
2021-03-12,3075.0,3098.97998046875,3045.5,3089.489990234375,3089.489990234375,2421900,AMZN,2021-03-12,127.19544,119.94000244140624,0.0,2969.5499877929688
2021-03-15,3074.570068359375,3082.239990234375,3032.090087890625,3081.679931640625,3081.679931640625,2913600,AMZN,2021-03-15,1187.0132,1362.5400390625,0.0,1719.139892578125
2021-03-16,3104.969970703125,3128.909912109375,3075.860107421875,3091.860107421875,3091.860107421875,2538800,AMZN,2021-03-16,2489.6736,2615.27001953125,0.0,476.590087890625
2021-03-17,3073.219970703125,3173.050048828125,3070.219970703125,3135.72998046875,3135.72998046875,3118600,AMZN,2021-03-17,1650.5791,1619.43994140625,0.0,1516.2900390625
2021-03-18,3101.0,3116.6298828125,3025.0,3027.989990234375,3027.989990234375,3649600,AMZN,2021-03-18,190.07758,192.1499938964844,0.0,2835.8399963378906
2021-03-19,3029.22998046875,3077.2900390625,3016.6298828125,3074.9599609375,3074.9599609375,4625400,AMZN,2021-03-19,203.5814,189.67999267578125,0.0,2885.2799682617188
2021-03-22,3067.85009765625,3126.580078125,3060.050048828125,3110.8701171875,3110.8701171875,2902200,AMZN,2021-03-22,78.584526,46.0,0.0,3064.8701171875
2021-03-23,3127.0,3182.0,3120.85009765625,3137.5,3137.5,3817300,AMZN,2021-03-23,91.76685,82.23999786376953,0.0,3055.2600021362305
2021-03-24,3151.0400390625,3160.31005859375,3085.14990234375,3087.070068359375,3087.070068359375,2959000,AMZN,2021-03-24,40.64998,38.84000015258789,0.0,3048.230068206787
2021-03-25,3072.989990234375,3109.780029296875,3037.139892578125,3046.260009765625,3046.260009765625,3563500,AMZN,2021-03-25,13.176687,6.5572919845581055,0.0,3039.702717781067
2021-03-26,3044.06005859375,3056.659912109375,2996.0,3052.030029296875,3052.030029296875,3312900,AMZN,2021-03-26,346.52682,337.1499938964844,0.0,2714.8800354003906
2021-03-29,3055.43994140625,3091.25,3028.449951171875,3075.72998046875,3075.72998046875,2746000,AMZN,2021-03-29,534.9436,499.00000000000006,0.0,2576.72998046875
2021-03-30,3070.010009765625,3073.0,3034.0,3055.2900390625,3055.2900390625,2337600,AMZN,2021-03-30,29.924372,12.677083015441896,0.0,3042.612956047058
2021-03-31,3064.06005859375,3119.330078125,3062.5,3094.080078125,3094.080078125,3093900,AMZN,2021-03-31,25.272705,17.6875,0.0,3076.392578125
2021-04-01,3117.93994140625,3162.43994140625,3115.550048828125,3161.0,3161.0,2940300,AMZN,2021-04-01,649.19916,713.22998046875,0.0,2447.77001953125
2021-04-05,3173.0,3235.9599609375,3161.239990234375,3226.72998046875,3226.72998046875,3334900,AMZN,2021-04-05,24.554953,16.583332061767578,0.0,3210.1466484069824
2021-04-06,3223.75,3247.31005859375,3217.0400390625,3223.820068359375,3223.820068359375,2537800,AMZN,2021-04-06,34.888466,25.1299991607666,0.0,3198.6900691986084
2021-04-07,3233.800048828125,3303.610107421875,3223.64990234375,3279.389892578125,3279.389892578125,3346200,AMZN,2021-04-07,173.64642,170.27000427246094,0.0,3109.119888305664
2021-04-08,3310.89990234375,3324.5,3292.0,3299.300048828125,3299.300048828125,2812100,AMZN,2021-04-08,76.74041,67.53125,0.0,3231.768798828125
2021-04-09,3304.699951171875,3372.199951171875,3288.89990234375,3372.199951171875,3372.199951171875,4341500,AMZN,2021-04-09,61.959877,55.375,0.0,3316.824951171875
2021-04-12,3355.2099609375,3395.0400390625,3351.14990234375,3379.389892578125,3379.389892578125,3281800,AMZN,2021-04-12,1945.9702,1859.6800537109375,0.0,1519.7098388671875
2021-04-13,3400.85009765625,3432.0,3395.6298828125,3400.0,3400.0,3315800,AMZN,2021-04-13,60.097874,59.90999984741212,0.0,3340.090000152588
2021-04-14,3404.0400390625,3404.1298828125,3326.0,3333.0,3333.0,3145200,AMZN,2021-04-14,225.2927,202.9499969482422,0.0,3130.050003051758
2021-04-15,3371.0,3397.0,3352.0,3379.090087890625,3379.090087890625,3233600,AMZN,2021-04-15,967.5867,1010.2700195312501,0.0,2368.820068359375
2021-04-16,3380.0,3406.800048828125,3355.590087890625,3399.43994140625,3399.43994140625,3186000,AMZN,2021-04-16,52.221085,45.86000061035156,0.0,3353.5799407958984
2021-04-19,3390.330078125,3435.929931640625,3360.159912109375,3372.010009765625,3372.010009765625,2725400,AMZN,2021-04-19,42.370586,33.959999084472656,0.0,3338.0500106811523
2021-04-20,3373.60009765625,3382.989990234375,3316.0,3334.68994140625,3334.68994140625,2623000,AMZN,2021-04-20,1811.0222,1739.8399658203125,0.0,1594.8499755859375
2021-04-21,3316.0,3362.860107421875,3303.81005859375,3362.02001953125,3362.02001953125,2211200,AMZN,2021-04-21,1835.0436,1665.530029296875,0.0,1696.489990234375
2021-04-22,3371.679931640625,3372.8701171875,3301.449951171875,3309.0400390625,3309.0400390625,2580600,AMZN,2021-04-22,86.480705,72.0,0.0,3237.0400390625
2021-04-23,3319.10009765625,3375.0,3308.5,3340.8798828125,3340.8798828125,3192800,AMZN,2021-04-23,21.269464,13.949999809265137,0.0,3326.929883003235
2021-04-26,3348.0,3428.449951171875,3330.93994140625,3409.0,3409.0,4880700,AMZN,2021-04-26,65.92669,53.970001220703125,0.0,3355.029998779297
2021-04-27,3443.469970703125,3460.0,3398.010009765625,3417.429931640625,3417.429931640625,3827100,AMZN,2021-04-27,2378.4233,2367.919921875,0.0,1049.510009765625
2021-04-28,3434.800048828125,3489.8798828125,3425.0,3458.5,3458.5,4631900,AMZN,2021-04-28,89.647995,84.23999786376955,0.0,3374.2600021362305
2021-04-29,3505.10009765625,3514.449951171875,3435.0,3471.31005859375,3471.31005859375,7682400,AMZN,2021-04-29,19.94137,12.34000015258789,0.0,3458.970058441162
2021-04-30,3525.1201171875,3554.0,3462.5,3467.419921875,3467.419921875,7001800,AMZN,2021-04-30,1020.35986,990.3300170898438,0.0,2477.0899047851562
2021-05-03,3484.72998046875,3486.64990234375,3372.699951171875,3386.489990234375,3386.489990234375,5875500,AMZN,2021-05-03,246.75183,247.11000061035156,0.0,3139.3799896240234
2021-05-04,3356.18994140625,3367.97998046875,3272.1298828125,3311.8701171875,3311.8701171875,5439400,AMZN,2021-05-04,17.098106,13.300000190734863,0.0,3298.570116996765
2021-05-05,3338.860107421875,3354.699951171875,3264.360107421875,3270.5400390625,3270.5400390625,3711300,AMZN,2021-05-05,155.4329,126.27999877929686,0.0,3144.260040283203
2021-05-06,3270.0,3314.39990234375,3247.199951171875,3306.3701171875,3306.3701171875,4447700,AMZN,2021-05-06,42.236954,34.81999969482422,0.0,3271.550117492676
2021-05-07,3319.090087890625,3330.889892578125,3289.070068359375,3291.610107421875,3291.610107421875,4706800,AMZN,2021-05-07,139.62756,160.72999572753906,0.0,3130.880111694336
2021-05-10,3282.320068359375,3283.0,3190.0,3190.489990234375,3190.489990234375,5838600,AMZN,2021-05-10,42.090168,34.599998474121094,0.0,3155.889991760254
2021-05-11,3136.280029296875,3238.0,3127.3701171875,3223.909912109375,3223.909912109375,4619800,AMZN,2021-05-11,438.7137,436.5899963378906,0.0,2787.3199157714844
2021-05-12,3185.0,3207.93994140625,3133.10009765625,3151.93994140625,3151.93994140625,4936400,AMZN,2021-05-12,2298.9517,2379.610107421875,0.0,772.329833984375
2021-05-13,3185.469970703125,3203.840087890625,3133.0,3161.469970703125,3161.469970703125,3350900,AMZN,2021-05-13,1811.7426,1665.530029296875,0.0,1495.93994140625
2021-05-14,3185.56005859375,3228.860107421875,3183.0,3222.89990234375,3222.89990234375,3321400,AMZN,2021-05-14,48.582687,42.4375,0.0,3180.46240234375
2021-05-17,3245.929931640625,3292.75,3234.590087890625,3270.389892578125,3270.389892578125,3723900,AMZN,2021-05-17,196.06265,218.27999877929688,0.0,3052.109893798828
2021-05-18,3292.580078125,3312.0,3230.3701171875,3232.280029296875,3232.280029296875,2828400,AMZN,2021-05-18,25.483297,18.75,0.0,3213.530029296875
2021-05-19,3195.0,3234.75,3184.0,3231.800048828125,3231.800048828125,2679700,AMZN,2021-05-19,66.9615,52.22999954223633,0.0,3179.5700492858887
2021-05-20,3244.39990234375,3259.679931640625,3236.179931640625,3247.679931640625,3247.679931640625,2633200,AMZN,2021-05-20,33.14874,16.875,0.0,3230.804931640625
2021-05-21,3250.0,3256.68994140625,3197.010009765625,3203.080078125,3203.080078125,4097800,AMZN,2021-05-21,78.07907,62.430000305175774,0.0,3140.650077819824
2021-05-24,3215.5,3257.949951171875,3210.5,3244.989990234375,3244.989990234375,2422800,AMZN,2021-05-24,37.79417,37.16666793823242,0.0,3207.8233222961426
2021-05-25,3266.669921875,3279.820068359375,3213.760009765625,3259.050048828125,3259.050048828125,3261100,AMZN,2021-05-25,298.60052,304.1700134277344,0.0,2954.8800354003906
2021-05-26,3274.590087890625,3295.72998046875,3258.510009765625,3265.159912109375,3265.159912109375,2384000,AMZN,2021-05-26,44.95976,45.939998626708984,0.0,3219.219913482666
2021-05-27,3256.0,3260.360107421875,3230.0400390625,3230.110107421875,3230.110107421875,2561200,AMZN,2021-05-27,14.077047,8.880000114440918,0.0,3221.230107307434
2021-05-28,3242.0,3247.989990234375,3219.699951171875,3223.070068359375,3223.070068359375,2329800,AMZN,2021-05-28,12.031333,4.625,0.0,3218.445068359375
